frame,n_detections,track_id,x,y,vx,vy,label,hits,frames_missing,confirmed,total_fibers_so_far,total_amorphous_so_far
0,1,1,155.0,158.0,0.0,0.0,fiber,1,0,False,0,0
1,0,1,155.0,158.0,0.0,0.0,fiber,1,1,False,0,0
2,0,1,155.0,158.0,0.0,0.0,fiber,1,2,False,0,0
3,0,1,155.0,158.0,0.0,0.0,fiber,1,3,False,0,0
4,0,1,155.0,158.0,0.0,0.0,fiber,1,4,False,0,0
5,0,1,155.0,158.0,0.0,0.0,fiber,1,5,False,0,0
7,1,2,618.0,120.0,0.0,0.0,amorphous,1,0,False,0,0
8,1,2,613.0,115.0,-5.0,-5.0,amorphous,2,0,True,0,1
9,1,2,631.0,103.0,6.5,-8.5,amorphous,3,0,True,0,1
10,3,2,628.0,138.0,1.75,13.25,amorphous,4,0,True,0,1
10,3,3,568.0,106.0,0.0,0.0,amorphous,1,0,False,0,1
10,3,4,504.0,107.0,0.0,0.0,amorphous,1,0,False,0,1
11,3,2,626.0,247.0,-0.125,61.125,amorphous,5,0,True,0,3
11,3,3,544.0,143.0,-24.0,37.0,amorphous,2,0,True,0,3
11,3,4,414.0,109.0,-90.0,2.0,amorphous,2,0,True,0,3
12,3,2,619.0,247.0,-3.562,30.562,amorphous,6,0,True,0,3
12,3,3,505.0,149.0,-31.5,21.5,amorphous,3,0,True,0,3
12,3,4,360.0,114.0,-72.0,3.5,amorphous,3,0,True,0,3
13,3,2,628.0,247.0,2.719,15.281,amorphous,7,0,True,0,3
13,3,3,528.0,152.0,-4.25,12.25,amorphous,4,0,True,0,3
13,3,4,374.0,111.0,-29.0,0.25,amorphous,4,0,True,0,3
14,3,2,527.0,151.0,-49.141,-40.359,amorphous,8,0,True,0,3
14,3,3,392.0,109.0,-70.125,-15.375,amorphous,5,0,True,0,3
14,3,4,331.0,112.0,-36.0,0.625,amorphous,5,0,True,0,3
15,4,2,550.0,124.0,-13.07,-33.68,amorphous,9,0,True,0,3
15,4,3,351.0,149.0,-55.562,12.312,amorphous,6,0,True,0,3
15,4,4,174.0,121.0,-96.5,4.812,amorphous,6,0,True,0,3
15,4,5,539.0,235.0,0.0,0.0,fiber,1,0,False,0,3
16,4,2,428.0,120.0,-67.535,-18.84,amorphous,10,0,True,1,3
16,4,3,232.0,134.0,-87.281,-1.344,amorphous,7,0,True,1,3
16,4,4,56.0,142.0,-107.25,12.906,amorphous,7,0,True,1,3
16,4,5,438.0,237.0,-101.0,2.0,fiber,2,0,True,1,3
17,4,2,380.0,119.0,-57.768,-9.92,amorphous,11,0,True,1,3
17,4,3,172.0,132.0,-73.641,-1.672,amorphous,8,0,True,1,3
17,4,4,16.0,148.0,-73.625,9.453,amorphous,8,0,True,1,3
17,4,5,393.0,239.0,-73.0,2.0,fiber,3,0,True,1,3
18,4,2,414.0,111.0,-11.884,-8.96,amorphous,12,0,True,1,3
18,4,3,207.0,125.0,-19.32,-4.336,amorphous,9,0,True,1,3
18,4,4,46.0,142.0,-21.812,1.727,amorphous,9,0,True,1,3
18,4,5,433.0,238.0,-16.5,0.5,fiber,4,0,True,1,3
19,5,2,359.0,111.0,-33.442,-4.48,amorphous,13,0,True,1,3
19,5,3,269.0,101.0,21.34,-14.168,amorphous,10,0,True,1,3
19,5,4,14.0,144.0,-26.906,1.863,amorphous,10,0,True,1,3
19,5,5,352.0,231.0,-48.75,-3.25,fiber,5,0,True,1,3
19,5,6,72.0,122.0,0.0,0.0,amorphous,1,0,False,1,3
20,3,2,325.56,106.52,-33.442,-4.48,amorphous,13,1,True,1,3
20,3,3,183.0,100.0,-32.33,-7.584,amorphous,11,0,True,1,3
20,3,4,15.0,119.0,-12.953,-11.568,amorphous,11,0,True,1,3
20,3,5,254.0,228.0,-73.375,-3.125,fiber,6,0,True,1,3
20,3,6,72.0,122.0,0.0,0.0,amorphous,1,1,False,1,3
21,2,2,292.12,102.04,-33.442,-4.48,amorphous,13,2,True,0,4
21,2,3,118.0,100.0,-48.665,-3.792,amorphous,12,0,True,0,4
21,2,4,2.05,107.43,-12.953,-11.568,amorphous,11,1,True,0,4
21,2,5,199.0,226.0,-64.188,-2.562,amorphous,7,0,True,0,4
21,2,6,72.0,122.0,0.0,0.0,amorphous,1,2,False,0,4
22,2,2,258.67,97.56,-33.442,-4.48,amorphous,13,3,True,0,4
22,2,3,124.0,98.0,-21.333,-2.896,amorphous,13,0,True,0,4
22,2,4,-10.91,95.86,-12.953,-11.568,amorphous,11,2,True,0,4
22,2,5,208.0,227.0,-27.594,-0.781,amorphous,8,0,True,0,4
22,2,6,72.0,122.0,0.0,0.0,amorphous,1,3,False,0,4
23,2,2,225.23,93.08,-33.442,-4.48,amorphous,13,4,True,0,4
23,2,3,156.0,95.0,5.334,-2.948,amorphous,14,0,True,0,4
23,2,4,-23.86,84.29,-12.953,-11.568,amorphous,11,3,True,0,4
23,2,5,220.0,224.0,-7.797,-1.891,amorphous,9,0,True,0,4
23,2,6,72.0,122.0,0.0,0.0,amorphous,1,4,False,0,4
24,5,2,191.79,88.6,-33.442,-4.48,amorphous,13,5,True,0,5
24,5,3,74.0,211.0,-38.333,56.526,amorphous,15,0,True,0,5
24,5,4,23.0,98.0,-5.477,-8.409,amorphous,12,0,True,0,5
24,5,5,128.0,221.0,-49.898,-2.445,amorphous,10,0,True,0,5
24,5,6,65.0,100.0,-1.4,-4.4,amorphous,2,0,True,0,5
24,5,7,576.0,253.0,0.0,0.0,amorphous,1,0,False,0,5
25,2,3,35.67,267.53,-38.333,56.526,amorphous,15,1,True,0,6
25,2,4,17.52,89.59,-5.477,-8.409,amorphous,12,1,True,0,6
25,2,5,40.0,221.0,-68.949,-1.223,amorphous,11,0,True,0,6
25,2,6,63.6,95.6,-1.4,-4.4,amorphous,2,1,True,0,6
25,2,7,503.0,253.0,-73.0,0.0,amorphous,2,0,True,0,6
26,2,3,-2.67,324.05,-38.333,56.526,amorphous,15,2,True,0,6
26,2,4,12.05,81.18,-5.477,-8.409,amorphous,12,2,True,0,6
26,2,5,10.0,230.0,-49.475,3.889,amorphous,12,0,True,0,6
26,2,6,62.2,91.2,-1.4,-4.4,amorphous,2,2,True,0,6
26,2,7,487.0,254.0,-44.5,0.5,amorphous,3,0,True,0,6
27,2,3,-41.0,380.58,-38.333,56.526,amorphous,15,3,True,0,6
27,2,4,6.57,72.77,-5.477,-8.409,amorphous,12,3,True,0,6
27,2,5,31.0,216.0,-14.237,-5.056,amorphous,13,0,True,0,6
27,2,6,60.8,86.8,-1.4,-4.4,amorphous,2,3,True,0,6
27,2,7,521.0,252.0,-5.25,-0.75,amorphous,4,0,True,0,6
28,2,3,-79.33,437.1,-38.333,56.526,amorphous,15,4,True,0,6
28,2,4,1.09,64.36,-5.477,-8.409,amorphous,12,4,True,0,6
28,2,5,26.0,232.0,-9.619,5.472,amorphous,14,0,True,0,6
28,2,6,23.0,205.0,-5.95,10.925,amorphous,3,0,True,0,6
28,2,7,515.75,251.25,-5.25,-0.75,amorphous,4,1,True,0,6
29,1,3,-117.67,493.63,-38.333,56.526,amorphous,15,5,True,1,5
29,1,4,-4.38,55.95,-5.477,-8.409,amorphous,12,5,True,1,5
29,1,5,16.38,237.47,-9.619,5.472,amorphous,14,1,True,1,5
29,1,6,17.05,215.93,-5.95,10.925,amorphous,3,1,True,1,5
29,1,7,328.0,249.0,-50.875,-1.125,fiber,5,0,True,1,5
30,1,5,6.76,242.94,-9.619,5.472,amorphous,14,2,True,0,6
30,1,6,11.1,226.85,-5.95,10.925,amorphous,3,2,True,0,6
30,1,7,281.0,247.0,-48.938,-1.562,amorphous,6,0,True,0,6
31,1,5,-2.86,248.42,-9.619,5.472,amorphous,14,3,True,0,6
31,1,6,5.15,237.78,-5.95,10.925,amorphous,3,3,True,0,6
31,1,7,287.0,254.0,-21.469,2.719,amorphous,7,0,True,0,6
32,1,5,-12.47,253.89,-9.619,5.472,amorphous,14,4,True,0,6
32,1,6,-0.8,248.7,-5.95,10.925,amorphous,3,4,True,0,6
32,1,7,339.0,252.0,15.266,0.359,amorphous,8,0,True,0,6
33,1,5,-22.09,259.36,-9.619,5.472,amorphous,14,5,True,1,5
33,1,6,-6.75,259.63,-5.95,10.925,amorphous,3,5,True,1,5
33,1,7,278.0,259.0,-22.867,3.68,fiber,9,0,True,1,5
34,1,7,226.0,260.0,-37.434,2.34,amorphous,10,0,True,0,6
35,1,7,202.0,264.0,-30.717,3.17,amorphous,11,0,True,0,6
36,1,7,216.0,263.0,-8.358,1.085,amorphous,12,0,True,0,6
37,0,7,207.64,264.08,-8.358,1.085,amorphous,12,1,True,0,6
38,1,7,104.0,262.0,-32.179,0.292,amorphous,13,0,True,0,6
39,1,7,45.0,265.0,-45.59,1.646,amorphous,14,0,True,0,6
40,1,7,34.0,267.0,-28.295,1.823,amorphous,15,0,True,0,6
41,1,7,68.0,267.0,2.853,0.912,amorphous,16,0,True,0,6
42,0,7,70.85,267.91,2.853,0.912,amorphous,16,1,True,0,6
43,1,7,73.71,268.82,2.853,0.912,amorphous,16,2,True,0,6
43,1,8,618.0,138.0,0.0,0.0,fiber,1,0,False,0,6
44,1,7,76.56,269.73,2.853,0.912,amorphous,16,3,True,1,6
44,1,8,531.0,127.0,-87.0,-11.0,fiber,2,0,True,1,6
45,2,7,79.41,270.65,2.853,0.912,amorphous,16,4,True,1,6
45,2,8,472.0,115.0,-73.0,-11.5,fiber,3,0,True,1,6
45,2,9,633.0,98.0,0.0,0.0,amorphous,1,0,False,1,6
46,1,7,82.26,271.56,2.853,0.912,amorphous,16,5,True,1,7
46,1,8,399.0,103.5,-73.0,-11.5,fiber,3,1,True,1,7
46,1,9,516.0,100.0,-117.0,2.0,amorphous,2,0,True,1,7
47,5,7,401.0,117.0,29.176,-12.044,amorphous,17,0,True,1,7
47,5,8,358.0,113.0,-65.0,-6.25,fiber,4,0,True,1,7
47,5,9,486.0,100.0,-73.5,1.0,amorphous,3,0,True,1,7
47,5,10,628.0,102.0,0.0,0.0,amorphous,1,0,False,1,7
47,5,11,591.0,98.0,0.0,0.0,amorphous,1,0,False,1,7
48,2,7,430.18,104.96,29.176,-12.044,amorphous,17,1,True,1,8
48,2,8,260.0,115.0,-81.5,-2.125,fiber,5,0,True,1,8
48,2,9,412.5,101.0,-73.5,1.0,amorphous,3,1,True,1,8
48,2,10,628.0,102.0,0.0,0.0,amorphous,1,1,False,1,8
48,2,11,579.0,96.0,-12.0,-2.0,amorphous,2,0,True,1,8
49,2,7,459.35,92.91,29.176,-12.044,amorphous,17,2,True,1,8
49,2,8,172.0,111.0,-84.75,-3.062,fiber,6,0,True,1,8
49,2,9,339.0,102.0,-73.5,1.0,amorphous,3,2,True,1,8
49,2,10,628.0,102.0,0.0,0.0,amorphous,1,2,False,1,8
49,2,11,539.0,93.0,-26.0,-2.5,amorphous,3,0,True,1,8
50,2,7,488.53,80.87,29.176,-12.044,amorphous,17,3,True,1,8
50,2,8,87.25,107.94,-84.75,-3.062,fiber,6,1,True,1,8
50,2,9,180.0,109.0,-87.75,2.0,amorphous,4,0,True,1,8
50,2,10,628.0,102.0,0.0,0.0,amorphous,1,3,False,1,8
50,2,11,539.0,97.0,-13.0,0.75,amorphous,4,0,True,1,8
51,2,7,517.71,68.82,29.176,-12.044,amorphous,17,4,True,1,8
51,2,8,2.5,104.88,-84.75,-3.062,fiber,6,2,True,1,8
51,2,9,180.0,105.0,-43.875,-1.0,amorphous,5,0,True,1,8
51,2,10,628.0,102.0,0.0,0.0,amorphous,1,4,False,1,8
51,2,11,549.0,91.0,-1.5,-2.625,amorphous,5,0,True,1,8
52,4,7,389.0,102.0,13.388,-7.522,amorphous,18,0,True,1,8
52,4,8,23.0,101.0,-67.208,-3.198,fiber,7,0,True,1,8
52,4,9,75.0,100.0,-74.438,-3.0,amorphous,6,0,True,1,8
52,4,10,628.0,102.0,0.0,0.0,amorphous,1,5,False,1,8
52,4,11,488.0,89.0,-31.25,-2.312,amorphous,6,0,True,1,8
53,2,7,302.0,103.0,-36.806,-3.261,amorphous,19,0,True,1,8
53,2,8,-44.21,97.8,-67.208,-3.198,fiber,7,1,True,1,8
53,2,9,0.56,97.0,-74.438,-3.0,amorphous,6,1,True,1,8
53,2,11,487.0,82.0,-16.125,-4.656,amorphous,7,0,True,1,8
54,2,7,249.0,107.0,-44.903,0.369,amorphous,20,0,True,1,8
54,2,8,-111.42,94.6,-67.208,-3.198,fiber,7,2,True,1,8
54,2,9,-73.88,94.0,-74.438,-3.0,amorphous,6,2,True,1,8
54,2,11,490.0,85.0,-6.562,-0.828,amorphous,8,0,True,1,8
55,2,7,279.0,116.0,-7.451,4.685,amorphous,21,0,True,1,8
55,2,8,-178.62,91.41,-67.208,-3.198,fiber,7,3,True,1,8
55,2,9,-148.31,91.0,-74.438,-3.0,amorphous,6,3,True,1,8
55,2,11,524.0,89.0,13.719,1.586,amorphous,9,0,True,1,8
56,3,7,273.0,125.0,-6.726,6.842,amorphous,22,0,True,1,8
56,3,8,-245.83,88.21,-67.208,-3.198,fiber,7,4,True,1,8
56,3,9,-222.75,88.0,-74.438,-3.0,amorphous,6,4,True,1,8
56,3,11,499.0,96.0,-5.641,4.293,amorphous,10,0,True,1,8
56,3,12,206.0,132.0,0.0,0.0,fiber,1,0,False,1,8
57,2,7,266.27,131.84,-6.726,6.842,amorphous,22,1,True,2,8
57,2,8,-313.04,85.01,-67.208,-3.198,fiber,7,5,True,2,8
57,2,9,-297.19,85.0,-74.438,-3.0,amorphous,6,5,True,2,8
57,2,11,465.0,109.0,-19.82,8.646,amorphous,11,0,True,2,8
57,2,12,109.0,127.0,-97.0,-5.0,fiber,2,0,True,2,8
58,2,7,259.55,138.68,-6.726,6.842,amorphous,22,2,True,2,8
58,2,11,464.0,108.0,-10.41,3.823,amorphous,12,0,True,2,8
58,2,12,45.0,126.0,-80.5,-3.0,fiber,3,0,True,2,8
59,2,7,252.82,145.53,-6.726,6.842,amorphous,22,3,True,2,8
59,2,11,476.0,110.0,0.795,2.912,amorphous,13,0,True,2,8
59,2,12,44.0,127.0,-40.75,-1.0,fiber,4,0,True,2,8
60,2,7,246.1,152.37,-6.726,6.842,amorphous,22,4,True,1,9
60,2,11,505.0,110.0,14.897,1.456,amorphous,14,0,True,1,9
60,2,12,80.0,123.0,-2.375,-2.5,amorphous,5,0,True,1,9
61,2,7,239.37,159.21,-6.726,6.842,amorphous,22,5,True,1,9
61,2,11,410.0,104.0,-40.051,-2.272,amorphous,15,0,True,1,9
61,2,12,17.0,123.0,-32.688,-1.25,amorphous,6,0,True,1,9
62,2,7,345.0,97.0,2.637,1.088,amorphous,23,0,True,1,9
62,2,11,604.0,88.0,76.974,-9.136,amorphous,16,0,True,1,9
62,2,12,-15.69,121.75,-32.688,-1.25,amorphous,6,1,True,1,9
63,2,7,323.0,95.0,-9.681,-0.456,amorphous,24,0,True,1,9
63,2,11,558.0,82.0,15.487,-7.568,amorphous,17,0,True,1,9
63,2,12,-48.38,120.5,-32.688,-1.25,amorphous,6,2,True,1,9
64,3,7,348.0,96.0,7.659,0.272,amorphous,25,0,True,1,9
64,3,11,590.0,87.0,23.744,-1.284,amorphous,18,0,True,1,9
64,3,12,29.0,125.0,-14.344,-0.292,amorphous,7,0,True,1,9
65,4,7,348.0,93.0,3.83,-1.364,amorphous,26,0,True,1,9
65,4,11,612.0,82.0,22.872,-3.142,amorphous,19,0,True,1,9
65,4,12,32.0,123.0,-5.672,-1.146,amorphous,8,0,True,1,9
65,4,13,557.0,81.0,0.0,0.0,amorphous,1,0,False,1,9
66,3,7,413.0,68.0,34.415,-13.182,amorphous,27,0,True,1,10
66,3,11,634.87,78.86,22.872,-3.142,amorphous,19,1,True,1,10
66,3,12,259.0,90.0,110.664,-17.073,amorphous,9,0,True,1,10
66,3,13,432.0,86.0,-125.0,5.0,amorphous,2,0,True,1,10
67,2,7,447.41,54.82,34.415,-13.182,amorphous,27,1,True,1,10
67,2,11,657.74,75.72,22.872,-3.142,amorphous,19,2,True,1,10
67,2,12,350.0,77.0,100.832,-15.036,amorphous,10,0,True,1,10
67,2,13,211.0,83.0,-173.0,1.0,amorphous,3,0,True,1,10
68,2,7,481.83,41.64,34.415,-13.182,amorphous,27,2,True,1,10
68,2,11,680.62,72.57,22.872,-3.142,amorphous,19,3,True,1,10
68,2,12,329.0,77.0,39.916,-7.518,amorphous,11,0,True,1,10
68,2,13,210.0,84.0,-87.0,1.0,amorphous,4,0,True,1,10
69,2,7,516.24,28.45,34.415,-13.182,amorphous,27,3,True,1,10
69,2,11,703.49,69.43,22.872,-3.142,amorphous,19,4,True,1,10
69,2,12,379.0,74.0,44.958,-5.259,amorphous,12,0,True,1,10
69,2,13,246.0,85.0,-25.5,1.0,amorphous,5,0,True,1,10
70,2,7,550.66,15.27,34.415,-13.182,amorphous,27,4,True,1,10
70,2,11,726.36,66.29,22.872,-3.142,amorphous,19,5,True,1,10
70,2,12,374.0,81.0,19.979,0.87,amorphous,13,0,True,1,10
70,2,13,208.0,86.0,-31.75,1.0,amorphous,6,0,True,1,10
71,3,7,585.07,2.09,34.415,-13.182,amorphous,27,5,True,1,10
71,3,11,612.0,250.0,11.436,12.429,amorphous,20,0,True,1,10
71,3,12,201.0,78.0,-76.51,-1.065,amorphous,14,0,True,1,10
71,3,13,120.0,78.0,-59.875,-3.5,amorphous,7,0,True,1,10
72,2,11,581.0,248.0,-9.782,5.214,amorphous,21,0,True,1,10
72,2,12,95.0,72.0,-91.255,-3.532,amorphous,15,0,True,1,10
72,2,13,60.12,74.5,-59.875,-3.5,amorphous,7,1,True,1,10
73,2,11,594.0,247.0,1.609,2.107,amorphous,22,0,True,1,10
73,2,12,101.0,70.0,-42.628,-2.766,amorphous,16,0,True,1,10
73,2,13,0.25,71.0,-59.875,-3.5,amorphous,7,2,True,1,10
74,2,11,620.0,245.0,13.804,0.054,amorphous,23,0,True,1,10
74,2,12,155.0,65.0,5.686,-3.883,amorphous,17,0,True,1,10
74,2,13,-59.62,67.5,-59.875,-3.5,amorphous,7,3,True,1,10
75,2,11,488.0,249.0,-59.098,2.027,amorphous,24,0,True,1,10
75,2,12,60.0,76.0,-44.657,3.558,amorphous,18,0,True,1,10
75,2,13,-119.5,64.0,-59.875,-3.5,amorphous,7,4,True,1,10
76,1,11,397.0,247.0,-75.049,0.013,amorphous,25,0,True,1,10
76,1,12,15.34,79.56,-44.657,3.558,amorphous,18,1,True,1,10
76,1,13,-179.38,60.5,-59.875,-3.5,amorphous,7,5,True,1,10
77,2,11,351.0,248.0,-60.524,0.507,amorphous,26,0,True,1,10
77,2,12,9.0,84.0,-35.078,3.779,amorphous,19,0,True,1,10
78,2,11,374.0,248.0,-18.762,0.253,amorphous,27,0,True,1,10
78,2,12,9.0,83.0,-17.539,1.39,amorphous,20,0,True,1,10
79,2,11,349.0,249.0,-21.881,0.627,amorphous,28,0,True,1,10
79,2,12,7.0,81.0,-9.77,-0.305,amorphous,21,0,True,1,10
80,1,11,200.0,252.0,-85.441,1.813,amorphous,29,0,True,1,10
80,1,12,-2.77,80.69,-9.77,-0.305,amorphous,21,1,True,1,10
81,1,11,115.0,248.0,-85.22,-1.093,amorphous,30,0,True,1,10
81,1,12,-12.54,80.39,-9.77,-0.305,amorphous,21,2,True,1,10
82,1,11,84.0,243.0,-58.11,-3.047,amorphous,31,0,True,1,10
82,1,12,-22.31,80.08,-9.77,-0.305,amorphous,21,3,True,1,10
83,1,11,126.0,234.0,-8.055,-6.023,amorphous,32,0,True,1,10
83,1,12,-32.08,79.78,-9.77,-0.305,amorphous,21,4,True,1,10
84,2,11,117.94,227.98,-8.055,-6.023,amorphous,32,1,True,1,10
84,2,12,87.0,230.0,3.115,14.747,amorphous,22,0,True,1,10
84,2,14,624.0,254.0,0.0,0.0,amorphous,1,0,False,1,10
85,1,11,109.89,221.95,-8.055,-6.023,amorphous,32,2,True,1,11
85,1,12,90.12,244.75,3.115,14.747,amorphous,22,1,True,1,11
85,1,14,572.0,251.0,-52.0,-3.0,amorphous,2,0,True,1,11
86,1,11,101.83,215.93,-8.055,-6.023,amorphous,32,3,True,1,11
86,1,12,93.23,259.49,3.115,14.747,amorphous,22,2,True,1,11
86,1,14,534.0,251.0,-45.0,-1.5,amorphous,3,0,True,1,11
87,1,11,93.78,209.91,-8.055,-6.023,amorphous,32,4,True,1,11
87,1,12,96.35,274.24,3.115,14.747,amorphous,22,3,True,1,11
87,1,14,550.0,251.0,-14.5,-0.75,amorphous,4,0,True,1,11
88,1,11,85.72,203.88,-8.055,-6.023,amorphous,32,5,True,1,11
88,1,12,99.46,288.99,3.115,14.747,amorphous,22,4,True,1,11
88,1,14,568.0,248.0,1.75,-1.875,amorphous,5,0,True,1,11
89,1,12,102.58,303.74,3.115,14.747,amorphous,22,5,True,1,11
89,1,14,479.0,256.0,-43.625,3.062,amorphous,6,0,True,1,11
90,1,14,417.0,257.0,-52.812,2.031,amorphous,7,0,True,1,11
91,2,14,397.0,260.0,-36.406,2.516,amorphous,8,0,True,1,11
91,2,15,569.0,98.0,0.0,0.0,fiber,1,0,False,1,11
92,2,14,431.0,261.0,-1.203,1.758,amorphous,9,0,True,2,11
92,2,15,584.0,102.0,15.0,4.0,fiber,2,0,True,2,11
93,2,14,397.0,260.0,-17.602,0.379,amorphous,10,0,True,2,11
93,2,15,590.0,104.0,10.5,3.0,fiber,3,0,True,2,11
94,2,14,304.0,260.0,-55.301,0.189,amorphous,11,0,True,2,11
94,2,15,600.0,178.0,10.25,38.5,fiber,4,0,True,2,11
95,4,14,256.0,260.0,-51.65,0.095,amorphous,12,0,True,2,11
95,4,15,581.0,171.0,-4.375,15.75,fiber,5,0,True,2,11
95,4,16,507.0,182.0,0.0,0.0,fiber,1,0,False,2,11
95,4,17,365.0,102.0,0.0,0.0,fiber,1,0,False,2,11
96,3,14,253.0,262.0,-27.325,1.047,amorphous,13,0,True,3,11
96,3,15,588.0,173.0,1.312,8.875,fiber,6,0,True,3,11
96,3,16,507.0,182.0,0.0,0.0,fiber,1,1,False,3,11
96,3,17,333.0,105.0,-32.0,3.0,fiber,2,0,True,3,11
97,4,14,281.0,258.0,0.337,-1.476,amorphous,14,0,True,4,11
97,4,15,620.0,164.0,16.656,-0.062,fiber,7,0,True,4,11
97,4,16,512.0,173.0,2.5,-4.5,fiber,2,0,True,4,11
97,4,17,394.0,101.0,14.5,-0.5,fiber,3,0,True,4,11
98,2,14,197.0,261.0,-41.831,0.762,amorphous,15,0,True,4,11
98,2,15,636.66,163.94,16.656,-0.062,fiber,7,1,True,4,11
98,2,16,505.0,166.0,-2.25,-5.75,fiber,3,0,True,4,11
98,2,17,408.5,100.5,14.5,-0.5,fiber,3,1,True,4,11
99,4,14,118.0,263.0,-60.416,1.381,amorphous,16,0,True,4,11
99,4,15,653.31,163.88,16.656,-0.062,fiber,7,2,True,4,11
99,4,16,469.0,158.0,-19.125,-6.875,fiber,4,0,True,4,11
99,4,17,199.0,109.0,-41.5,1.75,fiber,4,0,True,4,11
99,4,18,249.0,166.0,0.0,0.0,fiber,1,0,False,4,11
100,4,14,91.0,262.0,-43.708,0.19,amorphous,17,0,True,4,12
100,4,15,669.97,163.81,16.656,-0.062,fiber,7,3,True,4,12
100,4,16,462.0,156.0,-13.062,-4.438,amorphous,5,0,True,4,12
100,4,17,150.0,107.0,-45.25,-0.125,fiber,5,0,True,4,12
100,4,18,186.0,159.0,-63.0,-7.0,fiber,2,0,True,4,12
101,4,14,114.0,260.0,-10.354,-0.905,amorphous,18,0,True,3,13
101,4,15,686.62,163.75,16.656,-0.062,fiber,7,4,True,3,13
101,4,16,470.0,157.0,-2.531,-1.719,amorphous,6,0,True,3,13
101,4,17,175.0,110.0,-10.125,1.438,fiber,6,0,True,3,13
101,4,18,193.0,153.0,-28.0,-6.5,amorphous,3,0,True,3,13
102,3,14,113.0,256.0,-5.677,-2.452,amorphous,19,0,True,3,13
102,3,15,703.28,163.69,16.656,-0.062,fiber,7,5,True,3,13
102,3,16,467.47,155.28,-2.531,-1.719,amorphous,6,1,True,3,13
102,3,17,206.0,108.0,10.438,-0.281,fiber,7,0,True,3,13
102,3,18,213.0,144.0,-4.0,-7.75,amorphous,4,0,True,3,13
103,3,14,28.0,256.0,-45.338,-1.226,amorphous,20,0,True,3,13
103,3,16,464.94,153.56,-2.531,-1.719,amorphous,6,2,True,3,13
103,3,17,323.0,161.0,63.719,26.359,fiber,8,0,True,3,13
103,3,18,64.0,143.0,-76.5,-4.375,amorphous,5,0,True,3,13
104,2,14,-17.34,254.77,-45.338,-1.226,amorphous,20,1,True,4,12
104,2,16,462.41,151.84,-2.531,-1.719,amorphous,6,3,True,4,12
104,2,17,252.0,163.0,-3.641,14.18,fiber,9,0,True,4,12
104,2,18,23.0,112.0,-58.75,-17.688,fiber,6,0,True,4,12
105,1,14,-62.68,253.55,-45.338,-1.226,amorphous,20,2,True,4,12
105,1,16,459.88,150.12,-2.531,-1.719,amorphous,6,4,True,4,12
105,1,17,241.0,164.0,-7.32,7.59,fiber,10,0,True,4,12
105,1,18,-35.75,94.31,-58.75,-17.688,fiber,6,1,True,4,12
106,2,14,-108.02,252.32,-45.338,-1.226,amorphous,20,3,True,3,13
106,2,16,457.34,148.41,-2.531,-1.719,amorphous,6,5,True,3,13
106,2,17,273.0,164.0,12.34,3.795,fiber,11,0,True,3,13
106,2,18,28.0,125.0,-28.125,-5.594,amorphous,7,0,True,3,13
107,2,14,-153.35,251.1,-45.338,-1.226,amorphous,20,4,True,3,13
107,2,17,228.0,165.0,-16.33,2.397,fiber,12,0,True,3,13
107,2,18,8.0,137.0,-24.062,3.203,amorphous,8,0,True,3,13
108,1,14,-198.69,249.87,-45.338,-1.226,amorphous,20,5,True,3,13
108,1,17,134.0,166.0,-55.165,1.699,fiber,13,0,True,3,13
108,1,18,-16.06,140.2,-24.062,3.203,amorphous,8,1,True,3,13
109,1,17,109.0,165.0,-40.083,0.349,fiber,14,0,True,3,13
109,1,18,-40.12,143.41,-24.062,3.203,amorphous,8,2,True,3,13
110,1,17,106.0,168.0,-21.541,1.675,fiber,15,0,True,3,13
110,1,18,-64.19,146.61,-24.062,3.203,amorphous,8,3,True,3,13
111,1,17,126.0,171.0,-0.771,2.337,fiber,16,0,True,3,13
111,1,18,-88.25,149.81,-24.062,3.203,amorphous,8,4,True,3,13
112,0,17,125.23,173.34,-0.771,2.337,fiber,16,1,True,3,13
112,0,18,-112.31,153.02,-24.062,3.203,amorphous,8,5,True,3,13
113,1,17,124.46,175.67,-0.771,2.337,fiber,16,2,True,3,13
113,1,19,625.0,229.0,0.0,0.0,amorphous,1,0,False,3,13
114,1,17,123.69,178.01,-0.771,2.337,fiber,16,3,True,3,14
114,1,19,600.0,227.0,-25.0,-2.0,amorphous,2,0,True,3,14
115,1,17,122.92,180.35,-0.771,2.337,fiber,16,4,True,3,14
115,1,19,614.0,225.0,-5.5,-2.0,amorphous,3,0,True,3,14
116,0,17,122.15,182.69,-0.771,2.337,fiber,16,5,True,3,14
116,0,19,608.5,223.0,-5.5,-2.0,amorphous,3,1,True,3,14
117,1,19,476.0,214.0,-37.25,-3.75,amorphous,4,0,True,3,14
118,1,19,390.0,208.0,-61.625,-4.875,amorphous,5,0,True,3,14
119,1,19,344.0,209.0,-53.812,-1.938,amorphous,6,0,True,3,14
120,1,19,369.0,209.0,-14.406,-0.969,amorphous,7,0,True,3,14
121,1,19,346.0,211.0,-18.703,0.516,amorphous,8,0,True,3,14
122,1,19,186.0,209.0,-89.352,-0.742,amorphous,9,0,True,3,14
123,2,19,108.0,213.0,-83.676,1.629,amorphous,10,0,True,3,14
123,2,20,589.0,255.0,0.0,0.0,fiber,1,0,False,3,14
124,2,19,90.0,214.0,-50.838,1.314,amorphous,11,0,True,4,14
124,2,20,569.0,260.0,-20.0,5.0,fiber,2,0,True,4,14
125,1,19,39.16,215.31,-50.838,1.314,amorphous,11,1,True,3,15
125,1,20,607.0,254.0,9.0,-0.5,amorphous,3,0,True,3,15
126,1,19,-11.68,216.63,-50.838,1.314,amorphous,11,2,True,4,14
126,1,20,460.0,247.0,-69.0,-3.75,fiber,4,0,True,4,14
127,1,19,-62.51,217.94,-50.838,1.314,amorphous,11,3,True,4,14
127,1,20,377.0,243.0,-76.0,-3.875,fiber,5,0,True,4,14
128,1,19,-113.35,219.26,-50.838,1.314,amorphous,11,4,True,4,14
128,1,20,321.0,237.0,-66.0,-4.938,fiber,6,0,True,4,14
129,1,19,-164.19,220.57,-50.838,1.314,amorphous,11,5,True,4,14
129,1,20,337.0,233.0,-25.0,-4.469,fiber,7,0,True,4,14
130,1,20,353.0,229.0,-4.5,-4.234,fiber,8,0,True,4,14
131,2,20,228.0,228.0,-64.75,-2.617,fiber,9,0,True,4,14
131,2,21,596.0,188.0,0.0,0.0,fiber,1,0,False,4,14
132,2,20,122.0,221.0,-85.375,-4.809,fiber,10,0,True,5,14
132,2,21,499.0,188.0,-97.0,0.0,fiber,2,0,True,5,14
133,2,20,84.0,216.0,-61.688,-4.904,fiber,11,0,True,5,14
133,2,21,448.0,195.0,-74.0,3.5,fiber,3,0,True,5,14
134,2,20,124.0,209.0,-10.844,-5.952,fiber,12,0,True,5,14
134,2,21,476.0,198.0,-23.0,3.25,fiber,4,0,True,5,14
135,3,20,117.0,209.0,-8.922,-2.976,fiber,13,0,True,5,14
135,3,21,436.0,204.0,-31.5,4.625,fiber,5,0,True,5,14
135,3,22,50.0,209.0,0.0,0.0,amorphous,1,0,False,5,14
136,1,20,246.0,214.0,60.039,1.012,fiber,14,0,True,5,14
136,1,21,404.5,208.62,-31.5,4.625,fiber,5,1,True,5,14
136,1,22,50.0,209.0,0.0,0.0,amorphous,1,1,False,5,14
137,1,20,306.04,215.01,60.039,1.012,fiber,14,1,True,5,15
137,1,21,373.0,213.25,-31.5,4.625,fiber,5,2,True,5,15
137,1,22,144.0,214.0,47.0,2.5,amorphous,2,0,True,5,15
138,1,20,366.08,216.02,60.039,1.012,fiber,14,2,True,5,15
138,1,21,341.5,217.88,-31.5,4.625,fiber,5,3,True,5,15
138,1,22,129.0,216.0,16.0,2.25,amorphous,3,0,True,5,15
139,1,20,426.12,217.04,60.039,1.012,fiber,14,3,True,5,15
139,1,21,310.0,222.5,-31.5,4.625,fiber,5,4,True,5,15
139,1,22,173.0,219.0,30.0,2.625,amorphous,4,0,True,5,15
140,1,20,486.16,218.05,60.039,1.012,fiber,14,4,True,5,15
140,1,21,278.5,227.12,-31.5,4.625,fiber,5,5,True,5,15
140,1,22,33.0,227.0,-55.0,5.312,amorphous,5,0,True,5,15
141,0,20,546.2,219.06,60.039,1.012,fiber,14,5,True,5,15
141,0,22,-22.0,232.31,-55.0,5.312,amorphous,5,1,True,5,15
142,0,22,-77.0,237.62,-55.0,5.312,amorphous,5,2,True,5,15
143,0,22,-132.0,242.94,-55.0,5.312,amorphous,5,3,True,5,15
144,0,22,-187.0,248.25,-55.0,5.312,amorphous,5,4,True,5,15
145,0,22,-242.0,253.56,-55.0,5.312,amorphous,5,5,True,5,15
149,1,23,613.0,256.0,0.0,0.0,amorphous,1,0,False,5,15
150,1,23,571.0,257.0,-42.0,1.0,amorphous,2,0,True,5,16
151,1,23,542.0,258.0,-35.5,1.0,amorphous,3,0,True,5,16
152,1,23,547.0,257.0,-15.25,0.0,amorphous,4,0,True,5,16
153,1,23,580.0,251.0,8.875,-3.0,amorphous,5,0,True,5,16
154,1,23,492.0,257.0,-39.562,1.5,amorphous,6,0,True,5,16
155,1,23,437.0,258.0,-47.281,1.25,amorphous,7,0,True,5,16
156,1,23,418.0,260.0,-33.141,1.625,amorphous,8,0,True,5,16
157,1,23,428.0,259.0,-11.57,0.312,amorphous,9,0,True,5,16
158,1,23,417.0,254.0,-11.285,-2.344,amorphous,10,0,True,5,16
159,1,23,289.0,257.0,-69.643,0.328,amorphous,11,0,True,5,16
160,1,23,206.0,261.0,-76.321,2.164,amorphous,12,0,True,5,16
161,1,23,189.0,264.0,-46.661,2.582,amorphous,13,0,True,5,16
162,1,23,205.0,259.0,-15.33,-1.209,amorphous,14,0,True,5,16
163,3,23,182.0,258.0,-19.165,-1.104,amorphous,15,0,True,5,16
163,3,24,119.0,259.0,0.0,0.0,amorphous,1,0,False,5,16
163,3,25,612.0,84.0,0.0,0.0,amorphous,1,0,False,5,16
164,2,23,162.83,256.9,-19.165,-1.104,amorphous,15,1,True,5,18
164,2,24,44.0,261.0,-75.0,2.0,amorphous,2,0,True,5,18
164,2,25,506.0,82.0,-106.0,-2.0,amorphous,2,0,True,5,18
165,2,23,143.67,255.79,-19.165,-1.104,amorphous,15,2,True,5,18
165,2,24,15.0,257.0,-52.0,-1.0,amorphous,3,0,True,5,18
165,2,25,432.0,88.0,-90.0,2.0,amorphous,3,0,True,5,18
166,2,23,124.5,254.69,-19.165,-1.104,amorphous,15,3,True,5,18
166,2,24,16.0,258.0,-25.5,0.0,amorphous,4,0,True,5,18
166,2,25,433.0,95.0,-44.5,4.5,amorphous,4,0,True,5,18
167,2,23,105.34,253.58,-19.165,-1.104,amorphous,15,4,True,5,18
167,2,24,29.0,254.0,-6.25,-2.0,amorphous,5,0,True,5,18
167,2,25,489.0,92.0,5.75,0.75,amorphous,5,0,True,5,18
168,3,23,86.17,252.48,-19.165,-1.104,amorphous,15,5,True,5,18
168,3,24,338.0,94.0,151.375,-81.0,amorphous,6,0,True,5,18
168,3,25,416.0,95.0,-33.625,1.875,amorphous,6,0,True,5,18
168,3,26,582.0,309.0,0.0,0.0,fiber,1,0,False,5,18
169,2,24,489.38,13.0,151.375,-81.0,amorphous,6,1,True,6,18
169,2,25,241.0,97.0,-104.312,1.938,amorphous,7,0,True,6,18
169,2,26,486.0,303.0,-96.0,-6.0,fiber,2,0,True,6,18
170,3,24,465.0,203.0,107.438,-13.25,amorphous,7,0,True,5,19
170,3,25,153.0,99.0,-96.156,1.969,amorphous,8,0,True,5,19
170,3,26,443.0,304.0,-69.5,-2.5,amorphous,3,0,True,5,19
171,3,24,485.0,203.0,63.719,-6.625,amorphous,8,0,True,5,19
171,3,25,156.0,99.0,-46.578,0.984,amorphous,9,0,True,5,19
171,3,26,453.0,301.0,-29.75,-2.75,amorphous,4,0,True,5,19
172,2,24,548.72,196.38,63.719,-6.625,amorphous,8,1,True,5,19
172,2,25,159.0,96.0,-21.789,-1.008,amorphous,10,0,True,5,19
172,2,26,434.0,298.0,-24.375,-2.875,amorphous,5,0,True,5,19
173,4,24,317.0,202.0,-10.141,-3.562,amorphous,9,0,True,5,19
173,4,25,58.0,99.0,-61.395,0.996,amorphous,11,0,True,5,19
173,4,26,398.0,297.0,-30.188,-1.938,amorphous,6,0,True,5,19
173,4,27,19.0,98.0,0.0,0.0,fiber,1,0,False,5,19
174,2,24,272.0,203.0,-27.57,-1.281,amorphous,10,0,True,5,19
174,2,25,-3.39,100.0,-61.395,0.996,amorphous,11,1,True,5,19
174,2,26,389.0,295.0,-19.594,-1.969,amorphous,7,0,True,5,19
174,2,27,19.0,98.0,0.0,0.0,fiber,1,1,False,5,19
175,2,24,263.0,206.0,-18.285,0.859,amorphous,11,0,True,5,19
175,2,25,-64.79,100.99,-61.395,0.996,amorphous,11,2,True,5,19
175,2,26,387.0,298.0,-10.797,0.516,amorphous,8,0,True,5,19
175,2,27,19.0,98.0,0.0,0.0,fiber,1,2,False,5,19
176,2,24,305.0,204.0,11.857,-0.57,amorphous,12,0,True,5,19
176,2,25,-126.18,101.99,-61.395,0.996,amorphous,11,3,True,5,19
176,2,26,396.0,293.0,-0.898,-2.242,amorphous,9,0,True,5,19
176,2,27,19.0,98.0,0.0,0.0,fiber,1,3,False,5,19
177,1,24,316.86,203.43,11.857,-0.57,amorphous,12,1,True,5,19
177,1,25,-187.58,102.98,-61.395,0.996,amorphous,11,4,True,5,19
177,1,26,311.0,291.0,-42.949,-2.121,amorphous,10,0,True,5,19
177,1,27,19.0,98.0,0.0,0.0,fiber,1,4,False,5,19
178,3,24,518.0,184.0,59.179,-5.285,amorphous,13,0,True,6,19
178,3,25,-248.97,103.98,-61.395,0.996,amorphous,11,5,True,6,19
178,3,26,624.0,256.0,135.025,-18.561,amorphous,11,0,True,6,19
178,3,27,212.0,292.0,38.6,38.8,fiber,2,0,True,6,19
179,4,24,482.0,186.0,11.589,-1.643,amorphous,14,0,True,5,20
179,4,26,575.0,261.0,43.013,-6.78,amorphous,12,0,True,5,20
179,4,27,161.0,293.0,-6.2,19.9,amorphous,3,0,True,5,20
179,4,28,77.0,212.0,0.0,0.0,amorphous,1,0,False,5,20
180,4,24,489.0,189.0,9.295,0.679,amorphous,15,0,True,5,21
180,4,26,564.0,266.0,16.006,-0.89,amorphous,13,0,True,5,21
180,4,27,158.0,292.0,-4.6,9.45,amorphous,4,0,True,5,21
180,4,28,88.0,213.0,11.0,1.0,amorphous,2,0,True,5,21
181,4,24,515.0,192.0,17.647,1.839,amorphous,16,0,True,5,21
181,4,26,571.0,271.0,11.503,2.055,amorphous,14,0,True,5,21
181,4,27,163.0,286.0,0.2,1.725,amorphous,5,0,True,5,21
181,4,28,127.0,208.0,25.0,-2.0,amorphous,3,0,True,5,21
182,3,24,612.0,147.0,57.324,-21.58,amorphous,17,0,True,5,21
182,3,26,421.0,274.0,-69.248,2.527,amorphous,15,0,True,5,21
182,3,27,125.0,286.0,-18.9,0.862,amorphous,6,0,True,5,21
182,3,28,152.0,206.0,25.0,-2.0,amorphous,3,1,True,5,21
183,4,24,558.0,144.0,1.662,-12.29,amorphous,18,0,True,5,21
183,4,26,301.0,264.0,-94.624,-3.736,amorphous,16,0,True,5,21
183,4,27,108.0,281.0,-17.95,-2.069,amorphous,7,0,True,5,21
183,4,28,280.0,189.0,50.75,-5.75,amorphous,4,0,True,5,21
184,4,24,549.0,151.0,-3.669,-2.645,amorphous,19,0,True,5,21
184,4,26,248.0,258.0,-73.812,-4.868,amorphous,17,0,True,5,21
184,4,27,104.0,283.0,-10.975,-0.034,amorphous,8,0,True,5,21
184,4,28,261.0,187.0,15.875,-3.875,amorphous,5,0,True,5,21
185,4,24,573.0,147.0,10.165,-3.323,amorphous,20,0,True,5,21
185,4,26,265.0,254.0,-28.406,-4.434,amorphous,18,0,True,5,21
185,4,27,123.0,281.0,4.013,-1.017,amorphous,9,0,True,5,21
185,4,28,287.0,182.0,20.938,-4.438,amorphous,6,0,True,5,21
186,5,24,569.0,144.0,3.083,-3.161,amorphous,21,0,True,5,21
186,5,26,217.0,251.0,-38.203,-3.717,amorphous,19,0,True,5,21
186,5,27,101.0,279.0,-8.994,-1.509,amorphous,10,0,True,5,21
186,5,28,301.0,182.0,17.469,-2.219,amorphous,7,0,True,5,21
186,5,29,263.0,251.0,0.0,0.0,amorphous,1,0,False,5,21
187,3,24,572.08,140.84,3.083,-3.161,amorphous,21,1,True,5,21
187,3,26,110.0,186.0,-72.602,-34.359,amorphous,20,0,True,5,21
187,3,27,45.0,264.0,-32.497,-8.254,amorphous,11,0,True,5,21
187,3,28,435.0,155.0,75.734,-14.609,amorphous,8,0,True,5,21
187,3,29,263.0,251.0,0.0,0.0,amorphous,1,1,False,5,21
188,3,24,575.17,137.68,3.083,-3.161,amorphous,21,2,True,5,21
188,3,26,83.0,180.0,-49.801,-20.179,amorphous,21,0,True,5,21
188,3,27,57.0,279.0,-10.248,3.373,amorphous,12,0,True,5,21
188,3,28,394.0,155.0,17.367,-7.305,amorphous,9,0,True,5,21
188,3,29,263.0,251.0,0.0,0.0,amorphous,1,2,False,5,21
189,3,24,578.25,134.52,3.083,-3.161,amorphous,21,3,True,5,21
189,3,26,83.0,182.0,-24.9,-9.09,amorphous,22,0,True,5,21
189,3,27,56.0,280.0,-5.624,2.186,amorphous,13,0,True,5,21
189,3,28,389.0,156.0,6.184,-3.152,amorphous,10,0,True,5,21
189,3,29,263.0,251.0,0.0,0.0,amorphous,1,3,False,5,21
190,3,24,581.33,131.35,3.083,-3.161,amorphous,21,4,True,5,21
190,3,26,117.0,183.0,4.55,-4.045,amorphous,23,0,True,5,21
190,3,27,79.0,276.0,8.688,-0.907,amorphous,14,0,True,5,21
190,3,28,427.0,153.0,22.092,-3.076,amorphous,11,0,True,5,21
190,3,29,263.0,251.0,0.0,0.0,amorphous,1,4,False,5,21
191,3,24,584.41,128.19,3.083,-3.161,amorphous,21,5,True,5,22
191,3,26,121.55,178.96,4.55,-4.045,amorphous,23,1,True,5,22
191,3,27,32.0,279.0,-19.156,1.047,amorphous,15,0,True,5,22
191,3,28,378.0,154.0,-13.454,-1.038,amorphous,12,0,True,5,22
191,3,29,331.0,160.0,13.6,-18.2,amorphous,2,0,True,5,22
192,2,26,126.1,174.91,4.55,-4.045,amorphous,23,2,True,5,22
192,2,27,19.0,276.0,-16.078,-0.977,amorphous,16,0,True,5,22
192,2,28,364.55,152.96,-13.454,-1.038,amorphous,12,1,True,5,22
192,2,29,289.0,159.0,-14.2,-9.6,amorphous,3,0,True,5,22
193,2,26,130.65,170.87,4.55,-4.045,amorphous,23,3,True,5,22
193,2,27,18.0,277.0,-8.539,0.012,amorphous,17,0,True,5,22
193,2,28,351.09,151.92,-13.454,-1.038,amorphous,12,2,True,5,22
193,2,29,271.0,156.0,-16.1,-6.3,amorphous,4,0,True,5,22
194,2,26,135.2,166.82,4.55,-4.045,amorphous,23,4,True,5,22
194,2,27,21.0,278.0,-2.77,0.506,amorphous,18,0,True,5,22
194,2,28,337.64,150.89,-13.454,-1.038,amorphous,12,3,True,5,22
194,2,29,286.0,160.0,-0.55,-1.15,amorphous,5,0,True,5,22
195,2,26,139.75,162.78,4.55,-4.045,amorphous,23,5,True,5,22
195,2,27,27.0,276.0,1.615,-0.747,amorphous,19,0,True,5,22
195,2,28,314.0,156.0,-14.727,-0.269,amorphous,13,0,True,5,22
195,2,29,285.45,158.85,-0.55,-1.15,amorphous,5,1,True,5,22
196,1,26,198.0,165.0,9.025,-3.522,amorphous,24,0,True,5,22
196,1,27,28.62,275.25,1.615,-0.747,amorphous,19,1,True,5,22
196,1,28,299.27,155.73,-14.727,-0.269,amorphous,13,1,True,5,22
196,1,29,284.9,157.7,-0.55,-1.15,amorphous,5,2,True,5,22
197,1,26,153.0,166.0,-17.988,-1.261,amorphous,25,0,True,5,22
197,1,27,30.23,274.51,1.615,-0.747,amorphous,19,2,True,5,22
197,1,28,284.55,155.46,-14.727,-0.269,amorphous,13,2,True,5,22
197,1,29,284.35,156.55,-0.55,-1.15,amorphous,5,3,True,5,22
198,1,26,133.0,168.0,-18.994,0.369,amorphous,26,0,True,5,22
198,1,27,31.85,273.76,1.615,-0.747,amorphous,19,3,True,5,22
198,1,28,269.82,155.19,-14.727,-0.269,amorphous,13,3,True,5,22
198,1,29,283.8,155.4,-0.55,-1.15,amorphous,5,4,True,5,22
199,1,26,151.0,168.0,-0.497,0.185,amorphous,27,0,True,5,22
199,1,27,33.46,273.01,1.615,-0.747,amorphous,19,4,True,5,22
199,1,28,255.09,154.92,-14.727,-0.269,amorphous,13,4,True,5,22
199,1,29,283.25,154.25,-0.55,-1.15,amorphous,5,5,True,5,22
200,1,26,147.0,166.0,-2.248,-0.908,amorphous,28,0,True,5,22
200,1,27,35.08,272.26,1.615,-0.747,amorphous,19,5,True,5,22
200,1,28,240.36,154.65,-14.727,-0.269,amorphous,13,5,True,5,22
201,1,26,144.75,165.09,-2.248,-0.908,amorphous,28,1,True,5,22
201,1,27,42.0,173.0,2.058,-8.957,amorphous,20,0,True,5,22
202,0,26,142.5,164.18,-2.248,-0.908,amorphous,28,2,True,5,22
202,0,27,44.06,164.04,2.058,-8.957,amorphous,20,1,True,5,22
203,0,26,140.25,163.28,-2.248,-0.908,amorphous,28,3,True,5,22
203,0,27,46.12,155.09,2.058,-8.957,amorphous,20,2,True,5,22
204,1,26,138.01,162.37,-2.248,-0.908,amorphous,28,4,True,5,22
204,1,27,12.0,176.0,-3.971,-3.978,amorphous,21,0,True,5,22
205,0,26,135.76,161.46,-2.248,-0.908,amorphous,28,5,True,5,22
205,0,27,8.03,172.02,-3.971,-3.978,amorphous,21,1,True,5,22
206,0,27,4.06,168.04,-3.971,-3.978,amorphous,21,2,True,5,22
207,0,27,0.09,164.06,-3.971,-3.978,amorphous,21,3,True,5,22
208,0,27,-3.88,160.09,-3.971,-3.978,amorphous,21,4,True,5,22
209,0,27,-7.86,156.11,-3.971,-3.978,amorphous,21,5,True,5,22
226,1,30,624.0,116.0,0.0,0.0,amorphous,1,0,False,5,22
227,1,30,631.0,114.0,7.0,-2.0,amorphous,2,0,True,5,23
228,1,30,600.0,107.0,-12.0,-4.5,amorphous,3,0,True,5,23
229,1,30,538.0,103.0,-37.0,-4.25,amorphous,4,0,True,5,23
230,1,30,534.0,96.0,-20.5,-5.625,amorphous,5,0,True,5,23
231,1,30,542.0,99.0,-6.25,-1.312,amorphous,6,0,True,5,23
232,1,30,583.0,97.0,17.375,-1.656,amorphous,7,0,True,5,23
233,1,30,531.0,93.0,-17.312,-2.828,amorphous,8,0,True,5,23
234,1,30,524.0,89.0,-12.156,-3.414,amorphous,9,0,True,5,23
235,1,30,526.0,88.0,-5.078,-2.207,amorphous,10,0,True,5,23
236,1,30,539.0,90.0,3.961,-0.104,amorphous,11,0,True,5,23
237,1,30,564.0,90.0,14.48,-0.052,amorphous,12,0,True,5,23
238,1,30,516.0,93.0,-16.76,1.474,amorphous,13,0,True,5,23
239,1,30,515.0,91.0,-8.88,-0.263,amorphous,14,0,True,5,23
240,1,30,514.0,92.0,-4.94,0.369,amorphous,15,0,True,5,23
241,1,30,539.0,91.0,10.03,-0.316,amorphous,16,0,True,5,23
242,1,30,523.0,92.0,-2.985,0.342,amorphous,17,0,True,5,23
243,1,30,503.0,94.0,-11.492,1.171,amorphous,18,0,True,5,23
244,1,30,502.0,92.0,-6.246,-0.414,amorphous,19,0,True,5,23
245,1,30,505.0,95.0,-1.623,1.293,amorphous,20,0,True,5,23
246,1,30,536.0,94.0,14.688,0.146,amorphous,21,0,True,5,23
247,1,30,496.0,93.0,-12.656,-0.427,amorphous,22,0,True,5,23
248,1,30,496.0,93.0,-6.328,-0.213,amorphous,23,0,True,5,23
249,1,30,495.0,93.0,-3.664,-0.107,amorphous,24,0,True,5,23
250,1,30,502.0,93.0,1.668,-0.053,amorphous,25,0,True,5,23
251,1,30,521.0,90.0,10.334,-1.527,amorphous,26,0,True,5,23
252,1,30,479.0,93.0,-15.833,0.737,amorphous,27,0,True,5,23
253,1,30,481.0,92.0,-6.916,-0.132,amorphous,28,0,True,5,23
254,1,30,479.0,92.0,-4.458,-0.066,amorphous,29,0,True,5,23
255,1,30,498.0,93.0,7.271,0.467,amorphous,30,0,True,5,23
256,1,30,481.0,91.0,-4.865,-0.766,amorphous,31,0,True,5,23
257,1,30,468.0,93.0,-8.932,0.617,amorphous,32,0,True,5,23
258,1,30,468.0,91.0,-4.466,-0.692,amorphous,33,0,True,5,23
259,1,30,472.0,93.0,-0.233,0.654,amorphous,34,0,True,5,23
260,1,30,502.0,92.0,14.883,-0.173,amorphous,35,0,True,5,23
261,1,30,463.0,92.0,-12.058,-0.086,amorphous,36,0,True,5,23
262,1,30,463.0,90.0,-6.029,-1.043,amorphous,37,0,True,5,23
263,1,30,460.0,91.0,-4.515,-0.022,amorphous,38,0,True,5,23
264,1,30,477.0,92.0,6.243,0.489,amorphous,39,0,True,5,23
265,1,30,488.0,90.0,8.621,-0.755,amorphous,40,0,True,5,23
266,1,30,459.0,91.0,-10.189,0.122,amorphous,41,0,True,5,23
267,1,30,420.0,80.0,-24.595,-5.439,amorphous,42,0,True,5,23
268,1,30,403.0,74.0,-20.797,-5.719,amorphous,43,0,True,5,23
269,1,30,418.0,67.0,-2.899,-6.36,amorphous,44,0,True,5,23
270,0,30,415.1,60.64,-2.899,-6.36,amorphous,44,1,True,5,23
271,2,30,256.0,63.0,-41.949,-4.18,amorphous,45,0,True,5,23
271,2,31,588.0,179.0,0.0,0.0,fiber,1,0,False,5,23
272,2,30,81.0,59.0,-108.475,-4.09,amorphous,46,0,True,6,23
272,2,31,498.0,178.0,-90.0,-1.0,fiber,2,0,True,6,23
273,2,30,57.0,64.0,-66.237,0.455,amorphous,47,0,True,5,24
273,2,31,472.0,182.0,-58.0,1.5,amorphous,3,0,True,5,24
274,2,30,110.0,60.0,-6.619,-1.772,amorphous,48,0,True,5,24
274,2,31,508.0,181.0,-11.0,0.25,amorphous,4,0,True,5,24
275,2,30,48.0,66.0,-34.309,2.114,amorphous,49,0,True,5,24
275,2,31,399.0,188.0,-60.0,3.625,amorphous,5,0,True,5,24
276,2,30,16.0,69.0,-33.155,2.557,amorphous,50,0,True,6,23
276,2,31,244.0,196.0,-107.5,5.812,fiber,6,0,True,6,23
277,2,30,18.0,72.0,-15.577,2.778,amorphous,51,0,True,5,24
277,2,31,149.0,204.0,-101.25,6.906,amorphous,7,0,True,5,24
278,2,30,30.0,72.0,-1.789,1.389,amorphous,52,0,True,5,24
278,2,31,141.0,210.0,-54.625,6.453,amorphous,8,0,True,5,24
279,2,30,34.0,70.0,1.106,-0.305,amorphous,53,0,True,5,24
279,2,31,136.0,204.0,-29.812,0.227,amorphous,9,0,True,5,24
280,2,30,15.0,74.0,-8.947,1.847,amorphous,54,0,True,6,23
280,2,31,35.0,220.0,-65.406,8.113,fiber,10,0,True,6,23
281,1,30,14.0,73.0,-4.974,0.424,amorphous,55,0,True,6,23
281,1,31,-30.41,228.11,-65.406,8.113,fiber,10,1,True,6,23
282,1,30,12.0,74.0,-3.487,0.712,amorphous,56,0,True,6,23
282,1,31,-95.81,236.23,-65.406,8.113,fiber,10,2,True,6,23
283,1,30,23.0,73.0,3.757,-0.144,amorphous,57,0,True,6,23
283,1,31,-161.22,244.34,-65.406,8.113,fiber,10,3,True,6,23
284,1,30,17.0,72.0,-1.122,-0.572,amorphous,58,0,True,6,23
284,1,31,-226.62,252.45,-65.406,8.113,fiber,10,4,True,6,23
285,0,30,15.88,71.43,-1.122,-0.572,amorphous,58,1,True,6,23
285,0,31,-292.03,260.57,-65.406,8.113,fiber,10,5,True,6,23
286,0,30,14.76,70.86,-1.122,-0.572,amorphous,58,2,True,6,23
287,0,30,13.63,70.28,-1.122,-0.572,amorphous,58,3,True,6,23
288,0,30,12.51,69.71,-1.122,-0.572,amorphous,58,4,True,6,23
289,1,30,11.39,69.14,-1.122,-0.572,amorphous,58,5,True,6,23
289,1,32,554.0,166.0,0.0,0.0,fiber,1,0,False,6,23
290,1,32,448.0,162.0,-106.0,-4.0,fiber,2,0,True,7,23
291,1,32,382.0,157.0,-86.0,-4.5,fiber,3,0,True,7,23
292,1,32,386.0,156.0,-41.0,-2.75,fiber,4,0,True,7,23
293,1,32,362.0,151.0,-32.5,-3.875,fiber,5,0,True,7,23
294,2,32,282.0,148.0,-56.25,-3.438,fiber,6,0,True,7,23
294,2,33,480.0,183.0,0.0,0.0,fiber,1,0,False,7,23
295,2,32,250.0,141.0,-44.125,-5.219,amorphous,7,0,True,7,24
295,2,33,382.0,177.0,-98.0,-6.0,fiber,2,0,True,7,24
296,2,32,245.0,144.0,-24.562,-1.109,amorphous,8,0,True,7,24
296,2,33,337.0,179.0,-71.5,-2.0,fiber,3,0,True,7,24
297,2,32,274.0,146.0,2.219,0.445,amorphous,9,0,True,7,24
297,2,33,369.0,175.0,-19.75,-3.0,fiber,4,0,True,7,24
298,2,32,225.0,153.0,-23.391,3.723,amorphous,10,0,True,6,25
298,2,33,318.0,172.0,-35.375,-3.0,amorphous,5,0,True,6,25
299,2,32,129.0,123.0,-59.695,-13.139,amorphous,11,0,True,6,25
299,2,33,166.0,170.0,-93.688,-2.5,amorphous,6,0,True,6,25
300,2,32,57.0,113.0,-65.848,-11.569,amorphous,12,0,True,6,25
300,2,33,107.0,175.0,-76.344,1.25,amorphous,7,0,True,6,25
301,2,32,45.0,104.0,-38.924,-10.285,amorphous,13,0,True,6,25
301,2,33,105.0,175.0,-39.172,0.625,amorphous,8,0,True,6,25
302,2,32,61.0,101.0,-11.462,-6.642,amorphous,14,0,True,6,25
302,2,33,114.0,174.0,-15.086,-0.188,amorphous,9,0,True,6,25
303,1,32,9.0,96.0,-31.731,-5.821,amorphous,15,0,True,6,25
303,1,33,98.91,173.81,-15.086,-0.188,amorphous,9,1,True,6,25
304,0,32,-22.73,90.18,-31.731,-5.821,amorphous,15,1,True,6,25
304,0,33,83.83,173.62,-15.086,-0.188,amorphous,9,2,True,6,25
305,0,32,-54.46,84.36,-31.731,-5.821,amorphous,15,2,True,6,25
305,0,33,68.74,173.44,-15.086,-0.188,amorphous,9,3,True,6,25
306,0,32,-86.19,78.54,-31.731,-5.821,amorphous,15,3,True,6,25
306,0,33,53.66,173.25,-15.086,-0.188,amorphous,9,4,True,6,25
307,1,32,-117.92,72.72,-31.731,-5.821,amorphous,15,4,True,6,25
307,1,33,38.57,173.06,-15.086,-0.188,amorphous,9,5,True,6,25
307,1,34,620.0,241.0,0.0,0.0,amorphous,1,0,False,6,25
308,1,32,-149.65,66.89,-31.731,-5.821,amorphous,15,5,True,6,26
308,1,34,505.0,229.0,-115.0,-12.0,amorphous,2,0,True,6,26
309,1,34,407.0,230.0,-106.5,-5.5,amorphous,3,0,True,6,26
310,1,34,392.0,235.0,-60.75,-0.25,amorphous,4,0,True,6,26
311,1,34,437.0,233.0,-7.875,-1.125,amorphous,5,0,True,6,26
312,1,34,331.0,238.0,-56.938,1.938,amorphous,6,0,True,6,26
313,1,34,176.0,238.0,-105.969,0.969,amorphous,7,0,True,6,26
314,1,34,73.0,234.0,-104.484,-1.516,amorphous,8,0,True,6,26
315,1,34,60.0,226.0,-58.742,-4.758,amorphous,9,0,True,6,26
316,1,34,52.0,219.0,-33.371,-5.879,amorphous,10,0,True,6,26
317,0,34,18.63,213.12,-33.371,-5.879,amorphous,10,1,True,6,26
318,0,34,-14.74,207.24,-33.371,-5.879,amorphous,10,2,True,6,26
319,0,34,-48.11,201.36,-33.371,-5.879,amorphous,10,3,True,6,26
320,0,34,-81.48,195.48,-33.371,-5.879,amorphous,10,4,True,6,26
321,1,34,-114.86,189.61,-33.371,-5.879,amorphous,10,5,True,6,26
321,1,35,616.0,225.0,0.0,0.0,fiber,1,0,False,6,26
322,1,35,532.0,221.0,-84.0,-4.0,fiber,2,0,True,7,26
323,1,35,477.0,219.0,-69.5,-3.0,fiber,3,0,True,7,26
324,1,35,486.0,221.0,-30.25,-0.5,fiber,4,0,True,7,26
325,1,35,507.0,216.0,-4.625,-2.75,amorphous,5,0,True,6,27
326,1,35,447.0,215.0,-32.312,-1.875,fiber,6,0,True,7,26
327,1,35,411.0,212.0,-34.156,-2.438,amorphous,7,0,True,6,27
328,1,35,400.0,213.0,-22.578,-0.719,amorphous,8,0,True,6,27
329,1,35,424.0,211.0,0.711,-1.359,amorphous,9,0,True,6,27
330,1,35,412.0,209.0,-5.645,-1.68,fiber,10,0,True,7,26
331,1,35,334.0,207.0,-41.822,-1.84,amorphous,11,0,True,6,27
332,1,35,313.0,208.0,-31.411,-0.42,amorphous,12,0,True,6,27
333,1,35,309.0,210.0,-17.706,0.79,amorphous,13,0,True,6,27
334,1,35,327.0,207.0,0.147,-1.105,amorphous,14,0,True,6,27
335,1,35,245.0,211.0,-40.926,1.448,amorphous,15,0,True,6,27
336,1,35,153.0,217.0,-66.463,3.724,amorphous,16,0,True,6,27
337,1,35,115.0,221.0,-52.232,3.862,amorphous,17,0,True,6,27
338,1,35,125.0,223.0,-21.116,2.931,amorphous,18,0,True,6,27
339,1,35,127.0,221.0,-9.558,0.465,amorphous,19,0,True,6,27
340,1,35,41.0,219.0,-47.779,-0.767,amorphous,20,0,True,6,27
341,1,35,12.0,223.0,-38.389,1.616,amorphous,21,0,True,6,27
342,0,35,-26.39,224.62,-38.389,1.616,amorphous,21,1,True,6,27
343,1,35,27.0,220.0,-15.445,0.058,amorphous,22,0,True,6,27
344,1,35,19.0,217.0,-11.722,-1.471,amorphous,23,0,True,6,27
345,0,35,7.28,215.53,-11.722,-1.471,amorphous,23,1,True,6,27
346,0,35,-4.44,214.06,-11.722,-1.471,amorphous,23,2,True,6,27
347,0,35,-16.17,212.59,-11.722,-1.471,amorphous,23,3,True,6,27
348,0,35,-27.89,211.12,-11.722,-1.471,amorphous,23,4,True,6,27
349,0,35,-39.61,209.65,-11.722,-1.471,amorphous,23,5,True,6,27
372,1,36,596.0,217.0,0.0,0.0,fiber,1,0,False,6,27
373,1,36,458.0,219.0,-138.0,2.0,fiber,2,0,True,7,27
374,1,36,320.0,219.0,-138.0,1.0,fiber,3,0,True,7,27
375,1,36,250.0,222.0,-104.0,2.0,fiber,4,0,True,7,27
376,1,36,263.0,220.0,-45.5,0.0,fiber,5,0,True,7,27
377,3,36,116.0,229.0,-96.25,4.5,fiber,6,0,True,7,27
377,3,37,605.0,156.0,0.0,0.0,fiber,1,0,False,7,27
377,3,38,536.0,150.0,0.0,0.0,amorphous,1,0,False,7,27
378,2,36,11.0,228.0,-100.625,1.75,fiber,7,0,True,7,28
378,2,37,605.0,156.0,0.0,0.0,fiber,1,1,False,7,28
378,2,38,447.0,142.0,-89.0,-8.0,amorphous,2,0,True,7,28
379,1,36,-89.62,229.75,-100.625,1.75,fiber,7,1,True,7,28
379,1,37,605.0,156.0,0.0,0.0,fiber,1,2,False,7,28
379,1,38,383.0,137.0,-76.5,-6.5,amorphous,3,0,True,7,28
380,1,36,-190.25,231.5,-100.625,1.75,fiber,7,2,True,7,28
380,1,37,605.0,156.0,0.0,0.0,fiber,1,3,False,7,28
380,1,38,410.0,135.0,-24.75,-4.25,amorphous,4,0,True,7,28
381,1,36,-290.88,233.25,-100.625,1.75,fiber,7,3,True,8,27
381,1,37,605.0,156.0,0.0,0.0,fiber,1,4,False,8,27
381,1,38,399.0,134.0,-17.875,-2.625,fiber,5,0,True,8,27
382,3,36,-391.5,235.0,-100.625,1.75,fiber,7,4,True,9,27
382,3,37,596.0,187.0,-1.8,6.2,fiber,2,0,True,9,27
382,3,38,596.0,123.0,89.562,-6.812,fiber,6,0,True,9,27
382,3,39,254.0,142.0,0.0,0.0,fiber,1,0,False,9,27
383,3,36,-492.12,236.75,-100.625,1.75,fiber,7,5,True,10,27
383,3,37,493.0,184.0,-52.4,1.6,fiber,3,0,True,10,27
383,3,38,482.0,118.0,-12.219,-5.906,fiber,7,0,True,10,27
383,3,39,142.0,143.0,-112.0,1.0,fiber,2,0,True,10,27
384,2,37,454.0,186.0,-45.7,1.8,fiber,4,0,True,10,27
384,2,38,403.0,121.0,-45.609,-1.453,fiber,8,0,True,10,27
384,2,39,30.0,144.0,-112.0,1.0,fiber,2,1,True,10,27
385,3,37,496.0,187.0,-1.85,1.4,amorphous,5,0,True,8,29
385,3,38,438.0,127.0,-5.305,2.273,fiber,9,0,True,8,29
385,3,39,136.0,147.0,-57.5,1.5,amorphous,3,0,True,8,29
386,5,37,457.0,190.0,-20.425,2.2,amorphous,6,0,True,9,28
386,5,38,394.0,130.0,-24.652,2.637,fiber,10,0,True,9,28
386,5,39,58.0,146.0,-67.75,0.25,fiber,4,0,True,9,28
386,5,40,390.0,194.0,0.0,0.0,fiber,1,0,False,9,28
386,5,41,320.0,137.0,0.0,0.0,fiber,1,0,False,9,28
387,3,37,628.0,208.0,75.287,10.1,amorphous,7,0,True,11,28
387,3,38,369.35,132.64,-24.652,2.637,fiber,10,1,True,11,28
387,3,39,-9.75,146.25,-67.75,0.25,fiber,4,1,True,11,28
387,3,40,299.0,192.0,-91.0,-2.0,fiber,2,0,True,11,28
387,3,41,206.0,131.0,-114.0,-6.0,fiber,2,0,True,11,28
388,2,37,566.0,215.0,6.644,8.55,amorphous,8,0,True,11,28
388,2,38,344.7,135.27,-24.652,2.637,fiber,10,2,True,11,28
388,2,39,-77.5,146.5,-67.75,0.25,fiber,4,2,True,11,28
388,2,40,208.0,190.0,-91.0,-2.0,fiber,2,1,True,11,28
388,2,41,109.0,131.0,-105.5,-3.0,fiber,3,0,True,11,28
389,3,37,541.0,216.0,-9.178,4.775,amorphous,9,0,True,11,28
389,3,38,242.0,188.0,-37.66,10.985,fiber,11,0,True,11,28
389,3,39,-145.25,146.75,-67.75,0.25,fiber,4,3,True,11,28
389,3,40,113.0,135.0,-92.0,-15.25,fiber,3,0,True,11,28
389,3,41,3.5,128.0,-105.5,-3.0,fiber,3,1,True,11,28
390,3,37,565.0,213.0,7.411,0.888,amorphous,10,0,True,10,29
390,3,38,255.0,189.0,-12.33,5.993,amorphous,12,0,True,10,29
390,3,39,-213.0,147.0,-67.75,0.25,fiber,4,4,True,10,29
390,3,40,144.0,137.0,-30.5,-6.625,fiber,4,0,True,10,29
390,3,41,-102.0,125.0,-105.5,-3.0,fiber,3,2,True,10,29
391,6,37,509.0,213.0,-24.295,0.444,amorphous,11,0,True,8,31
391,6,38,385.0,204.0,58.835,10.496,amorphous,13,0,True,8,31
391,6,39,98.0,193.0,-29.875,4.825,amorphous,5,0,True,8,31
391,6,40,475.0,211.0,150.25,33.688,amorphous,5,0,True,8,31
391,6,41,-207.5,122.0,-105.5,-3.0,fiber,3,3,True,8,31
391,6,42,440.0,209.0,0.0,0.0,fiber,1,0,False,8,31
391,6,43,576.0,148.0,0.0,0.0,fiber,1,0,False,8,31
392,5,37,465.0,143.0,-34.147,-34.778,amorphous,12,0,True,10,31
392,5,38,443.84,214.5,58.835,10.496,amorphous,13,1,True,10,31
392,5,39,24.0,190.0,-51.938,0.913,amorphous,6,0,True,10,31
392,5,40,621.0,79.0,148.125,-49.156,amorphous,6,0,True,10,31
392,5,41,-313.0,119.0,-105.5,-3.0,fiber,3,4,True,10,31
392,5,42,299.0,194.0,-141.0,-15.0,fiber,2,0,True,10,31
392,5,43,599.0,129.0,23.0,-19.0,fiber,2,0,True,10,31
393,5,37,362.0,152.0,-68.574,-12.889,amorphous,13,0,True,9,32
393,5,38,463.0,144.0,48.918,-9.752,amorphous,14,0,True,9,32
393,5,39,-27.94,190.91,-51.938,0.913,amorphous,6,1,True,9,32
393,5,40,595.0,79.0,61.062,-24.578,amorphous,7,0,True,9,32
393,5,41,-418.5,116.0,-105.5,-3.0,fiber,3,5,True,9,32
393,5,42,229.0,189.0,-105.5,-10.0,fiber,3,0,True,9,32
393,5,43,539.0,129.0,-18.5,-9.5,amorphous,3,0,True,9,32
394,5,37,374.0,153.0,-28.287,-5.945,amorphous,14,0,True,9,32
394,5,38,514.0,135.0,49.959,-9.376,amorphous,15,0,True,9,32
394,5,39,-79.88,191.82,-51.938,0.913,amorphous,6,2,True,9,32
394,5,40,614.0,80.0,40.031,-11.789,amorphous,8,0,True,9,32
394,5,42,244.0,186.0,-45.25,-6.5,fiber,4,0,True,9,32
394,5,43,628.0,156.0,35.25,8.75,amorphous,4,0,True,9,32
395,3,37,351.0,150.0,-25.643,-4.472,amorphous,15,0,True,9,32
395,3,38,495.0,134.0,15.479,-5.188,amorphous,16,0,True,9,32
395,3,39,-131.81,192.74,-51.938,0.913,amorphous,6,3,True,9,32
395,3,40,654.03,68.21,40.031,-11.789,amorphous,8,1,True,9,32
395,3,42,217.0,181.0,-36.125,-5.75,fiber,5,0,True,9,32
395,3,43,663.25,164.75,35.25,8.75,amorphous,4,1,True,9,32
396,4,37,378.0,131.0,0.678,-11.736,amorphous,16,0,True,9,32
396,4,38,484.0,75.0,2.24,-32.094,amorphous,17,0,True,9,32
396,4,39,71.0,186.0,-20.094,-0.044,amorphous,7,0,True,9,32
396,4,40,694.06,56.42,40.031,-11.789,amorphous,8,2,True,9,32
396,4,42,209.0,150.0,-22.062,-18.375,fiber,6,0,True,9,32
396,4,43,698.5,173.5,35.25,8.75,amorphous,4,2,True,9,32
397,6,37,308.0,131.0,-34.661,-5.868,amorphous,17,0,True,10,31
397,6,38,418.0,72.0,-31.88,-17.547,amorphous,18,0,True,10,31
397,6,39,82.0,157.0,-4.547,-14.522,fiber,8,0,True,10,31
397,6,40,616.0,66.0,20.349,-8.228,amorphous,9,0,True,10,31
397,6,42,151.0,104.0,-40.031,-32.188,fiber,7,0,True,10,31
397,6,43,624.0,214.0,16.958,14.042,amorphous,5,0,True,10,31
398,7,37,273.0,119.0,-34.83,-8.934,amorphous,18,0,True,9,32
398,7,38,400.0,73.0,-24.94,-8.273,amorphous,19,0,True,9,32
398,7,39,38.0,160.0,-24.273,-5.761,amorphous,9,0,True,9,32
398,7,40,593.0,70.0,-1.326,-2.114,amorphous,10,0,True,9,32
398,7,42,88.0,104.0,-51.516,-16.094,fiber,8,0,True,9,32
398,7,43,610.0,207.0,1.479,3.521,amorphous,6,0,True,9,32
398,7,44,243.0,152.0,0.0,0.0,amorphous,1,0,False,9,32
399,8,37,315.0,123.0,3.585,-2.467,amorphous,19,0,True,9,33
399,8,38,438.0,74.0,6.53,-3.637,amorphous,20,0,True,9,33
399,8,39,11.0,175.0,-25.637,4.62,amorphous,10,0,True,9,33
399,8,40,625.0,66.0,15.337,-3.057,amorphous,11,0,True,9,33
399,8,42,80.0,162.0,-29.758,20.953,fiber,9,0,True,9,33
399,8,43,632.0,195.0,11.74,-4.24,amorphous,7,0,True,9,33
399,8,44,271.0,153.0,28.0,1.0,amorphous,2,0,True,9,33
399,8,45,125.0,97.0,0.0,0.0,amorphous,1,0,False,9,33
400,7,37,290.0,125.0,-10.708,-0.234,amorphous,20,0,True,9,34
400,7,38,514.0,199.0,41.265,60.682,amorphous,21,0,True,9,34
400,7,39,-14.64,179.62,-25.637,4.62,amorphous,10,1,True,9,34
400,7,40,580.0,65.0,-14.831,-2.028,amorphous,12,0,True,9,34
400,7,42,122.0,171.0,6.121,14.977,fiber,10,0,True,9,34
400,7,43,582.0,197.0,-19.13,-1.12,amorphous,8,0,True,9,34
400,7,44,210.0,142.0,-16.5,-5.0,amorphous,3,0,True,9,34
400,7,45,53.0,95.0,-72.0,-2.0,amorphous,2,0,True,9,34
401,6,37,389.0,64.0,44.146,-30.617,amorphous,21,0,True,9,34
401,6,38,555.26,259.68,41.265,60.682,amorphous,21,1,True,9,34
401,6,39,-40.27,184.24,-25.637,4.62,amorphous,10,2,True,9,34
401,6,40,601.0,107.0,3.084,19.986,amorphous,13,0,True,9,34
401,6,42,122.0,131.0,3.061,-12.512,fiber,11,0,True,9,34
401,6,43,409.0,195.0,-96.065,-1.56,amorphous,9,0,True,9,34
401,6,44,220.0,77.0,-3.25,-35.0,amorphous,4,0,True,9,34
401,6,45,54.0,140.0,-35.5,21.5,amorphous,3,0,True,9,34
402,4,37,433.15,33.38,44.146,-30.617,amorphous,21,1,True,9,34
402,4,38,596.53,320.36,41.265,60.682,amorphous,21,2,True,9,34
402,4,39,-65.91,188.86,-25.637,4.62,amorphous,10,3,True,9,34
402,4,40,550.0,96.0,-23.958,4.493,amorphous,14,0,True,9,34
402,4,42,159.0,78.0,20.03,-32.756,fiber,12,0,True,9,34
402,4,43,340.0,193.0,-82.533,-1.78,amorphous,10,0,True,9,34
402,4,44,216.75,42.0,-3.25,-35.0,amorphous,4,1,True,9,34
402,4,45,6.0,141.0,-41.75,11.25,amorphous,4,0,True,9,34
403,5,37,477.29,2.77,44.146,-30.617,amorphous,21,2,True,9,34
403,5,38,637.79,381.04,41.265,60.682,amorphous,21,3,True,9,34
403,5,39,-91.55,193.48,-25.637,4.62,amorphous,10,4,True,9,34
403,5,40,559.0,100.0,-7.479,4.246,amorphous,15,0,True,9,34
403,5,42,162.0,78.0,11.515,-16.378,fiber,13,0,True,9,34
403,5,43,348.0,191.0,-37.266,-1.89,amorphous,11,0,True,9,34
403,5,44,313.0,65.0,21.625,-20.5,amorphous,5,0,True,9,34
403,5,45,6.0,150.0,-20.875,10.125,amorphous,5,0,True,9,34
404,4,37,521.44,-27.85,44.146,-30.617,amorphous,21,3,True,9,34
404,4,38,679.06,441.73,41.265,60.682,amorphous,21,4,True,9,34
404,4,39,-117.18,198.1,-25.637,4.62,amorphous,10,5,True,9,34
404,4,40,583.0,93.0,8.261,-1.377,amorphous,16,0,True,9,34
404,4,42,188.0,80.0,18.758,-7.189,fiber,14,0,True,9,34
404,4,43,362.0,190.0,-11.633,-1.445,amorphous,12,0,True,9,34
404,4,44,328.0,63.0,18.312,-11.25,amorphous,6,0,True,9,34
404,4,45,-14.88,160.12,-20.875,10.125,amorphous,5,1,True,9,34
405,7,37,545.0,99.0,41.573,-10.933,amorphous,22,0,True,9,34
405,7,38,720.32,502.41,41.265,60.682,amorphous,21,5,True,9,34
405,7,39,45.0,83.0,-9.985,-5.357,amorphous,11,0,True,9,34
405,7,40,541.0,239.0,-16.87,72.312,amorphous,17,0,True,9,34
405,7,42,234.0,63.0,32.379,-12.094,fiber,15,0,True,9,34
405,7,43,229.0,196.0,-72.317,2.278,amorphous,13,0,True,9,34
405,7,44,417.0,92.0,53.656,8.875,amorphous,7,0,True,9,34
405,7,45,142.0,61.0,23.562,-17.188,amorphous,6,0,True,9,34
406,5,37,586.57,88.07,41.573,-10.933,amorphous,22,1,True,10,33
406,5,39,57.0,59.0,1.007,-14.678,fiber,12,0,True,10,33
406,5,40,416.0,233.0,-70.935,33.156,amorphous,18,0,True,10,33
406,5,42,331.0,91.0,64.689,7.953,fiber,16,0,True,10,33
406,5,43,96.0,195.0,-102.658,0.639,amorphous,14,0,True,10,33
406,5,44,449.0,96.0,42.828,6.438,amorphous,8,0,True,10,33
406,5,45,165.56,43.81,23.562,-17.188,amorphous,6,1,True,10,33
407,4,37,628.15,77.13,41.573,-10.933,amorphous,22,2,True,9,34
407,4,39,12.0,66.0,-21.996,-3.839,amorphous,13,0,True,9,34
407,4,40,345.07,266.16,-70.935,33.156,amorphous,18,1,True,9,34
407,4,42,392.0,96.0,62.845,6.476,fiber,17,0,True,9,34
407,4,43,24.0,200.0,-87.329,2.819,amorphous,15,0,True,9,34
407,4,44,491.83,102.44,42.828,6.438,amorphous,8,1,True,9,34
407,4,45,280.0,93.0,46.281,-0.594,amorphous,7,0,True,9,34
408,5,37,669.72,66.2,41.573,-10.933,amorphous,22,3,True,9,34
408,5,39,37.0,74.0,1.502,2.08,amorphous,14,0,True,9,34
408,5,40,386.0,229.0,-42.967,15.578,amorphous,19,0,True,9,34
408,5,42,410.0,101.0,40.422,5.738,fiber,18,0,True,9,34
408,5,43,54.0,207.0,-28.665,4.91,amorphous,16,0,True,9,34
408,5,44,534.66,108.88,42.828,6.438,amorphous,8,2,True,9,34
408,5,45,299.0,95.0,32.641,0.703,amorphous,8,0,True,9,34
409,5,37,711.29,55.27,41.573,-10.933,amorphous,22,4,True,8,35
409,5,39,28.0,70.0,-3.749,-0.96,amorphous,15,0,True,8,35
409,5,40,321.0,222.0,-53.984,4.289,amorphous,20,0,True,8,35
409,5,42,388.0,102.0,9.211,3.369,amorphous,19,0,True,8,35
409,5,43,35.0,208.0,-23.832,2.955,amorphous,17,0,True,8,35
409,5,44,577.48,115.31,42.828,6.438,amorphous,8,3,True,8,35
409,5,45,269.0,106.0,1.32,5.852,amorphous,9,0,True,8,35
410,2,37,752.87,44.33,41.573,-10.933,amorphous,22,5,True,8,35
410,2,39,24.25,69.04,-3.749,-0.96,amorphous,15,1,True,8,35
410,2,40,181.0,221.0,-96.992,1.644,amorphous,21,0,True,8,35
410,2,42,397.21,105.37,9.211,3.369,amorphous,19,1,True,8,35
410,2,43,11.17,210.95,-23.832,2.955,amorphous,17,1,True,8,35
410,2,44,620.31,121.75,42.828,6.438,amorphous,8,4,True,8,35
410,2,45,149.0,114.0,-59.34,6.926,amorphous,10,0,True,8,35
411,3,39,17.0,124.0,-4.625,13.02,amorphous,16,0,True,8,35
411,3,40,97.0,220.0,-90.496,0.322,amorphous,22,0,True,8,35
411,3,42,406.42,108.74,9.211,3.369,amorphous,19,2,True,8,35
411,3,43,-12.66,213.91,-23.832,2.955,amorphous,17,2,True,8,35
411,3,44,663.14,128.19,42.828,6.438,amorphous,8,5,True,8,35
411,3,45,98.0,119.0,-55.17,5.963,amorphous,11,0,True,8,35
412,3,39,8.0,138.0,-6.812,13.51,amorphous,17,0,True,8,35
412,3,40,85.0,222.0,-51.248,1.161,amorphous,23,0,True,8,35
412,3,42,415.63,112.11,9.211,3.369,amorphous,19,3,True,8,35
412,3,43,-36.5,216.86,-23.832,2.955,amorphous,17,3,True,8,35
412,3,45,81.0,120.0,-36.085,3.481,amorphous,12,0,True,8,35
413,3,39,24.0,136.0,4.594,5.755,amorphous,18,0,True,8,35
413,3,40,101.0,219.0,-17.624,-0.919,amorphous,24,0,True,8,35
413,3,42,424.84,115.48,9.211,3.369,amorphous,19,4,True,8,35
413,3,43,-60.33,219.82,-23.832,2.955,amorphous,17,4,True,8,35
413,3,45,114.0,116.0,-1.542,-0.259,amorphous,13,0,True,8,35
414,3,39,36.0,120.0,8.297,-5.122,amorphous,19,0,True,8,35
414,3,40,19.0,215.0,-49.812,-2.46,amorphous,25,0,True,8,35
414,3,42,620.0,130.0,27.806,4.485,amorphous,20,0,True,8,35
414,3,43,-84.16,222.77,-23.832,2.955,amorphous,17,5,True,8,35
414,3,45,112.46,115.74,-1.542,-0.259,amorphous,13,1,True,8,35
415,1,39,44.3,114.88,8.297,-5.122,amorphous,19,1,True,8,35
415,1,40,-30.81,212.54,-49.812,-2.46,amorphous,25,1,True,8,35
415,1,42,569.0,126.0,-11.597,0.242,amorphous,21,0,True,8,35
415,1,45,110.92,115.48,-1.542,-0.259,amorphous,13,2,True,8,35
416,1,39,52.59,109.76,8.297,-5.122,amorphous,19,2,True,8,35
416,1,40,-80.62,210.08,-49.812,-2.46,amorphous,25,2,True,8,35
416,1,42,515.0,123.0,-32.799,-1.379,amorphous,22,0,True,8,35
416,1,45,109.37,115.22,-1.542,-0.259,amorphous,13,3,True,8,35
417,1,39,60.89,104.63,8.297,-5.122,amorphous,19,3,True,8,35
417,1,40,-130.44,207.62,-49.812,-2.46,amorphous,25,3,True,8,35
417,1,42,531.0,115.0,-8.399,-4.689,amorphous,23,0,True,8,35
417,1,45,107.83,114.96,-1.542,-0.259,amorphous,13,4,True,8,35
418,1,39,69.19,99.51,8.297,-5.122,amorphous,19,4,True,8,35
418,1,40,-180.25,205.16,-49.812,-2.46,amorphous,25,4,True,8,35
418,1,42,531.0,106.0,-4.2,-6.845,amorphous,24,0,True,8,35
418,1,45,106.29,114.7,-1.542,-0.259,amorphous,13,5,True,8,35
419,2,39,77.48,94.39,8.297,-5.122,amorphous,19,5,True,8,35
419,2,40,-230.06,202.7,-49.812,-2.46,amorphous,25,5,True,8,35
419,2,42,507.0,173.0,-14.1,30.078,amorphous,25,0,True,8,35
419,2,45,469.0,108.0,28.812,-0.796,amorphous,14,0,True,8,35
420,2,42,384.0,171.0,-68.55,14.039,amorphous,26,0,True,8,35
420,2,45,455.0,107.0,7.406,-0.898,amorphous,15,0,True,8,35
421,2,42,345.0,173.0,-53.775,8.019,amorphous,27,0,True,8,35
421,2,45,456.0,109.0,4.203,0.551,amorphous,16,0,True,8,35
422,1,42,376.0,171.0,-11.387,3.01,amorphous,28,0,True,8,35
422,1,45,460.2,109.55,4.203,0.551,amorphous,16,1,True,8,35
423,6,42,348.0,170.0,-19.694,1.005,amorphous,29,0,True,8,35
423,6,45,410.0,101.0,-9.398,-1.725,amorphous,17,0,True,8,35
423,6,46,629.0,276.0,0.0,0.0,amorphous,1,0,False,8,35
423,6,47,612.0,228.0,0.0,0.0,fiber,1,0,False,8,35
423,6,48,560.0,225.0,0.0,0.0,amorphous,1,0,False,8,35
423,6,49,306.0,172.0,0.0,0.0,fiber,1,0,False,8,35
424,4,42,454.0,227.0,43.153,29.002,amorphous,30,0,True,9,36
424,4,45,367.0,99.0,-26.199,-1.862,amorphous,18,0,True,9,36
424,4,46,629.0,276.0,0.0,0.0,amorphous,1,1,False,9,36
424,4,47,612.0,228.0,0.0,0.0,fiber,1,1,False,9,36
424,4,48,461.0,273.0,-99.0,48.0,amorphous,2,0,True,9,36
424,4,49,91.0,172.0,-215.0,0.0,fiber,2,0,True,9,36
425,3,42,352.0,232.0,-29.423,17.001,amorphous,31,0,True,9,36
425,3,45,365.0,98.0,-14.1,-1.431,amorphous,19,0,True,9,36
425,3,46,629.0,276.0,0.0,0.0,amorphous,1,2,False,9,36
425,3,47,612.0,228.0,0.0,0.0,fiber,1,2,False,9,36
425,3,48,374.0,274.0,-93.0,24.5,amorphous,3,0,True,9,36
425,3,49,-124.0,172.0,-215.0,0.0,fiber,2,1,True,9,36
426,2,42,348.0,253.0,-16.712,19.001,amorphous,32,0,True,9,36
426,2,45,373.0,99.0,-3.05,-0.216,amorphous,20,0,True,9,36
426,2,46,629.0,276.0,0.0,0.0,amorphous,1,3,False,9,36
426,2,47,612.0,228.0,0.0,0.0,fiber,1,3,False,9,36
426,2,48,281.0,298.5,-93.0,24.5,amorphous,3,1,True,9,36
426,2,49,-339.0,172.0,-215.0,0.0,fiber,2,2,True,9,36
427,2,42,347.0,251.0,-8.856,8.5,amorphous,33,0,True,9,36
427,2,45,371.0,95.0,-2.525,-2.108,amorphous,21,0,True,9,36
427,2,46,629.0,276.0,0.0,0.0,amorphous,1,4,False,9,36
427,2,47,612.0,228.0,0.0,0.0,fiber,1,4,False,9,36
427,2,48,188.0,323.0,-93.0,24.5,amorphous,3,2,True,9,36
427,2,49,-554.0,172.0,-215.0,0.0,fiber,2,3,True,9,36
428,4,42,208.0,228.0,-73.928,-7.25,amorphous,34,0,True,10,36
428,4,45,307.0,98.0,-33.262,0.446,amorphous,22,0,True,10,36
428,4,46,629.0,276.0,0.0,0.0,amorphous,1,5,False,10,36
428,4,47,632.0,185.0,4.0,-8.6,fiber,2,0,True,10,36
428,4,48,151.0,255.0,-83.667,9.083,amorphous,4,0,True,10,36
428,4,49,-769.0,172.0,-215.0,0.0,fiber,2,4,True,10,36
429,4,42,55.0,213.0,-113.464,-11.125,amorphous,35,0,True,10,36
429,4,45,288.0,95.0,-26.131,-1.277,amorphous,23,0,True,10,36
429,4,47,632.0,181.0,2.0,-6.3,fiber,3,0,True,10,36
429,4,48,65.0,248.0,-84.833,1.042,amorphous,5,0,True,10,36
429,4,49,-984.0,172.0,-215.0,0.0,fiber,2,5,True,10,36
430,4,42,9.0,201.0,-79.732,-11.562,amorphous,36,0,True,10,36
430,4,45,287.0,96.0,-13.566,-0.138,amorphous,24,0,True,10,36
430,4,47,633.0,180.0,1.5,-3.65,fiber,4,0,True,10,36
430,4,48,22.0,252.0,-63.917,2.521,amorphous,6,0,True,10,36
431,3,42,30.0,196.0,-29.366,-8.281,amorphous,37,0,True,10,36
431,3,45,300.0,95.0,-0.283,-0.569,amorphous,25,0,True,10,36
431,3,47,634.5,176.35,1.5,-3.65,fiber,4,1,True,10,36
431,3,48,46.0,249.0,-19.958,-0.24,amorphous,7,0,True,10,36
432,4,42,28.0,193.0,-15.683,-5.641,amorphous,38,0,True,9,37
432,4,45,277.0,87.0,-11.641,-4.285,amorphous,26,0,True,9,37
432,4,47,626.0,181.0,-1.0,-1.575,amorphous,5,0,True,9,37
432,4,48,41.0,249.0,-12.479,-0.12,amorphous,8,0,True,9,37
433,1,42,12.32,187.36,-15.683,-5.641,amorphous,38,1,True,9,37
433,1,45,213.0,84.0,-37.821,-3.642,amorphous,27,0,True,9,37
433,1,47,625.0,179.43,-1.0,-1.575,amorphous,5,1,True,9,37
433,1,48,28.52,248.88,-12.479,-0.12,amorphous,8,1,True,9,37
434,1,42,-3.37,181.72,-15.683,-5.641,amorphous,38,2,True,9,37
434,1,45,204.0,83.0,-23.41,-2.321,amorphous,28,0,True,9,37
434,1,47,624.0,177.85,-1.0,-1.575,amorphous,5,2,True,9,37
434,1,48,16.04,248.76,-12.479,-0.12,amorphous,8,2,True,9,37
435,2,42,-19.05,176.08,-15.683,-5.641,amorphous,38,3,True,9,37
435,2,45,206.0,85.0,-10.705,-0.161,amorphous,29,0,True,9,37
435,2,47,620.0,181.0,-1.5,-0.787,amorphous,6,0,True,9,37
435,2,48,3.56,248.64,-12.479,-0.12,amorphous,8,3,True,9,37
436,0,42,-34.73,170.44,-15.683,-5.641,amorphous,38,4,True,9,37
436,0,45,195.29,84.84,-10.705,-0.161,amorphous,29,1,True,9,37
436,0,47,618.5,180.21,-1.5,-0.787,amorphous,6,1,True,9,37
436,0,48,-8.92,248.52,-12.479,-0.12,amorphous,8,4,True,9,37
437,4,42,149.0,73.0,4.259,-14.82,amorphous,39,0,True,9,37
437,4,45,184.59,84.68,-10.705,-0.161,amorphous,29,2,True,9,37
437,4,47,609.0,186.0,-3.5,0.856,amorphous,7,0,True,9,37
437,4,48,-21.4,248.4,-12.479,-0.12,amorphous,8,5,True,9,37
437,4,50,624.0,227.0,0.0,0.0,fiber,1,0,False,9,37
437,4,51,556.0,222.0,0.0,0.0,amorphous,1,0,False,9,37
438,4,42,86.0,60.0,-29.371,-13.91,amorphous,40,0,True,10,38
438,4,45,173.88,84.52,-10.705,-0.161,amorphous,29,3,True,10,38
438,4,47,595.0,181.0,-8.75,-2.072,amorphous,8,0,True,10,38
438,4,50,602.0,108.0,-22.0,-119.0,fiber,2,0,True,10,38
438,4,51,460.0,212.0,-96.0,-10.0,amorphous,2,0,True,10,38
439,5,42,25.0,55.0,-45.185,-9.455,amorphous,41,0,True,9,39
439,5,45,163.18,84.36,-10.705,-0.161,amorphous,29,4,True,9,39
439,5,47,634.0,226.0,15.125,21.464,amorphous,9,0,True,9,39
439,5,50,562.0,108.0,-31.0,-59.5,amorphous,3,0,True,9,39
439,5,51,395.0,209.0,-80.5,-6.5,amorphous,3,0,True,9,39
439,5,52,555.0,169.0,0.0,0.0,amorphous,1,0,False,9,39
440,5,42,26.0,51.0,-22.093,-6.728,amorphous,42,0,True,9,40
440,5,45,152.47,84.2,-10.705,-0.161,amorphous,29,5,True,9,40
440,5,47,633.0,227.0,7.062,11.232,amorphous,10,0,True,9,40
440,5,50,577.0,108.0,-8.0,-29.75,amorphous,4,0,True,9,40
440,5,51,406.0,208.0,-34.75,-3.75,amorphous,4,0,True,9,40
440,5,52,560.0,169.0,5.0,0.0,amorphous,2,0,True,9,40
441,4,42,53.0,43.0,2.454,-7.364,amorphous,43,0,True,9,40
441,4,47,640.06,238.23,7.062,11.232,amorphous,10,1,True,9,40
441,4,50,600.0,104.0,7.5,-16.875,amorphous,5,0,True,9,40
441,4,51,414.0,205.0,-13.375,-3.375,amorphous,5,0,True,9,40
441,4,52,578.0,162.0,11.5,-3.5,amorphous,3,0,True,9,40
442,3,42,55.45,35.64,2.454,-7.364,amorphous,43,1,True,9,40
442,3,47,647.12,249.46,7.062,11.232,amorphous,10,2,True,9,40
442,3,50,508.0,103.0,-42.25,-8.938,amorphous,6,0,True,9,40
442,3,51,296.0,202.0,-65.688,-3.188,amorphous,6,0,True,9,40
442,3,52,516.0,231.0,-25.25,32.75,amorphous,4,0,True,9,40
443,4,42,183.0,200.0,33.727,35.568,amorphous,44,0,True,9,40
443,4,47,654.19,260.7,7.062,11.232,amorphous,10,3,True,9,40
443,4,50,437.0,97.0,-56.625,-7.469,amorphous,7,0,True,9,40
443,4,51,315.0,171.0,-23.344,-17.094,amorphous,7,0,True,9,40
443,4,52,446.0,229.0,-47.625,15.375,amorphous,5,0,True,9,40
444,3,42,216.73,235.57,33.727,35.568,amorphous,44,1,True,9,40
444,3,47,661.25,271.93,7.062,11.232,amorphous,10,4,True,9,40
444,3,50,418.0,96.0,-37.812,-4.234,amorphous,8,0,True,9,40
444,3,51,279.0,174.0,-29.672,-7.047,amorphous,8,0,True,9,40
444,3,52,408.0,228.0,-42.812,7.188,amorphous,6,0,True,9,40
445,4,42,171.0,208.0,13.863,19.784,amorphous,45,0,True,9,40
445,4,47,668.31,283.16,7.062,11.232,amorphous,10,5,True,9,40
445,4,50,452.0,101.0,-1.906,0.383,amorphous,9,0,True,9,40
445,4,51,299.0,172.0,-4.836,-4.523,amorphous,9,0,True,9,40
445,4,52,423.0,226.0,-13.906,2.594,amorphous,7,0,True,9,40
446,4,42,127.0,210.0,-15.068,10.892,amorphous,46,0,True,9,40
446,4,50,424.0,103.0,-14.953,1.191,amorphous,10,0,True,9,40
446,4,51,273.0,172.0,-15.418,-2.262,amorphous,10,0,True,9,40
446,4,52,402.0,225.0,-17.453,0.797,amorphous,8,0,True,9,40
447,6,42,68.0,172.0,-37.034,-13.554,amorphous,47,0,True,9,40
447,6,50,320.0,109.0,-59.477,3.596,amorphous,11,0,True,9,40
447,6,51,180.0,225.0,-54.209,25.369,amorphous,11,0,True,9,40
447,6,52,516.0,165.0,48.273,-29.602,amorphous,9,0,True,9,40
447,6,53,20.0,209.0,0.0,0.0,amorphous,1,0,False,9,40
447,6,54,591.0,152.0,0.0,0.0,fiber,1,0,False,9,40
448,5,42,32.0,174.0,-36.517,-5.777,amorphous,48,0,True,10,40
448,5,50,270.0,109.0,-54.738,1.798,amorphous,12,0,True,10,40
448,5,51,94.0,230.0,-70.104,15.185,amorphous,12,0,True,10,40
448,5,52,432.0,171.0,-17.863,-11.801,amorphous,10,0,True,10,40
448,5,53,20.0,209.0,0.0,0.0,amorphous,1,1,False,10,40
448,5,54,588.0,133.0,-3.0,-19.0,fiber,2,0,True,10,40
449,6,42,21.0,175.0,-23.759,-2.388,amorphous,49,0,True,9,42
449,6,50,273.0,110.0,-25.869,1.399,amorphous,13,0,True,9,42
449,6,51,72.0,234.0,-46.052,9.592,amorphous,13,0,True,9,42
449,6,52,567.0,150.0,58.568,-16.4,amorphous,11,0,True,9,42
449,6,53,416.0,178.0,198.0,-15.5,amorphous,2,0,True,9,42
449,6,54,591.0,124.0,0.0,-14.0,amorphous,3,0,True,9,42
450,4,42,61.0,174.0,8.121,-1.694,amorphous,50,0,True,9,42
450,4,50,312.0,107.0,6.565,-0.801,amorphous,14,0,True,9,42
450,4,51,95.0,236.0,-11.526,5.796,amorphous,14,0,True,9,42
450,4,52,615.0,139.0,53.284,-13.7,amorphous,12,0,True,9,42
450,4,53,614.0,162.5,198.0,-15.5,amorphous,2,1,True,9,42
450,4,54,591.0,110.0,0.0,-14.0,amorphous,3,1,True,9,42
451,3,42,231.0,109.0,89.06,-33.347,amorphous,51,0,True,10,41
451,3,50,357.0,190.0,25.783,41.1,amorphous,15,0,True,10,41
451,3,51,83.47,241.8,-11.526,5.796,amorphous,14,1,True,10,41
451,3,52,668.28,125.3,53.284,-13.7,amorphous,12,1,True,10,41
451,3,53,812.0,147.0,198.0,-15.5,amorphous,2,2,True,10,41
451,3,54,528.0,119.0,-15.75,-8.25,fiber,4,0,True,10,41
452,4,42,336.0,131.0,97.03,-5.674,amorphous,52,0,True,9,42
452,4,50,227.0,185.0,-52.109,18.05,amorphous,16,0,True,9,42
452,4,51,140.0,108.0,5.487,-29.102,amorphous,15,0,True,9,42
452,4,52,721.57,111.6,53.284,-13.7,amorphous,12,2,True,9,42
452,4,53,1010.0,131.5,198.0,-15.5,amorphous,2,3,True,9,42
452,4,54,458.0,109.0,-42.875,-9.125,amorphous,5,0,True,9,42
453,5,42,435.0,103.0,98.015,-16.837,amorphous,53,0,True,9,42
453,5,50,148.0,183.0,-65.554,8.025,amorphous,17,0,True,9,42
453,5,51,97.0,110.0,-18.757,-13.551,amorphous,16,0,True,9,42
453,5,52,630.0,169.0,29.142,-1.85,amorphous,13,0,True,9,42
453,5,53,1208.0,116.0,198.0,-15.5,amorphous,2,4,True,9,42
453,5,54,311.0,127.0,-94.938,4.438,amorphous,6,0,True,9,42
454,4,42,450.0,104.0,56.508,-7.918,amorphous,54,0,True,9,42
454,4,50,165.0,183.0,-24.277,4.012,amorphous,18,0,True,9,42
454,4,51,118.0,113.0,1.122,-5.275,amorphous,17,0,True,9,42
454,4,52,659.14,167.15,29.142,-1.85,amorphous,13,1,True,9,42
454,4,53,1406.0,100.5,198.0,-15.5,amorphous,2,5,True,9,42
454,4,54,332.0,121.0,-36.969,-0.781,amorphous,7,0,True,9,42
455,5,42,442.0,104.0,24.254,-3.959,amorphous,55,0,True,9,42
455,5,50,167.0,184.0,-11.139,2.506,amorphous,19,0,True,9,42
455,5,51,111.0,109.0,-2.939,-4.638,amorphous,18,0,True,9,42
455,5,52,628.0,168.0,14.071,-1.175,amorphous,14,0,True,9,42
455,5,54,350.0,116.0,-9.484,-2.891,amorphous,8,0,True,9,42
456,4,42,466.25,100.04,24.254,-3.959,amorphous,55,1,True,9,42
456,4,50,50.0,200.0,-64.069,9.253,amorphous,20,0,True,9,42
456,4,51,31.0,110.0,-41.47,-1.819,amorphous,19,0,True,9,42
456,4,52,554.0,168.0,-29.964,-0.588,amorphous,15,0,True,9,42
456,4,54,377.0,99.0,8.758,-9.945,amorphous,9,0,True,9,42
457,3,42,490.51,96.08,24.254,-3.959,amorphous,55,2,True,9,42
457,3,50,-14.07,209.25,-64.069,9.253,amorphous,20,1,True,9,42
457,3,51,20.0,130.0,-26.235,9.091,amorphous,20,0,True,9,42
457,3,52,489.0,168.0,-47.482,-0.294,amorphous,16,0,True,9,42
457,3,54,339.0,91.0,-14.621,-8.973,amorphous,10,0,True,9,42
458,2,42,514.76,92.12,24.254,-3.959,amorphous,55,3,True,9,42
458,2,50,-78.14,218.51,-64.069,9.253,amorphous,20,2,True,9,42
458,2,51,-6.23,139.09,-26.235,9.091,amorphous,20,1,True,9,42
458,2,52,482.0,170.0,-27.241,0.853,amorphous,17,0,True,9,42
458,2,54,340.0,93.0,-6.811,-3.486,amorphous,11,0,True,9,42
459,3,42,539.02,88.16,24.254,-3.959,amorphous,55,4,True,9,42
459,3,50,-142.21,227.76,-64.069,9.253,amorphous,20,3,True,9,42
459,3,51,29.0,142.0,-10.867,7.545,amorphous,21,0,True,9,42
459,3,52,514.0,167.0,2.379,-1.073,amorphous,18,0,True,9,42
459,3,54,363.0,93.0,8.095,-1.743,amorphous,12,0,True,9,42
460,2,42,563.27,84.2,24.254,-3.959,amorphous,55,5,True,9,42
460,2,50,-206.28,237.01,-64.069,9.253,amorphous,20,4,True,9,42
460,2,51,18.13,149.55,-10.867,7.545,amorphous,21,1,True,9,42
460,2,52,447.0,169.0,-32.31,0.463,amorphous,19,0,True,9,42
460,2,54,369.0,96.0,7.047,0.628,amorphous,13,0,True,9,42
461,3,42,596.0,159.0,24.96,2.604,amorphous,56,0,True,9,42
461,3,50,-270.35,246.27,-64.069,9.253,amorphous,20,5,True,9,42
461,3,51,7.27,157.09,-10.867,7.545,amorphous,21,2,True,9,42
461,3,52,339.0,164.0,-70.155,-2.268,amorphous,20,0,True,9,42
461,3,54,361.0,90.0,-0.476,-2.686,amorphous,14,0,True,9,42
462,3,42,629.0,158.0,28.98,0.802,amorphous,57,0,True,9,42
462,3,51,-3.6,164.64,-10.867,7.545,amorphous,21,3,True,9,42
462,3,52,519.0,161.0,54.922,-2.634,amorphous,21,0,True,9,42
462,3,54,357.0,88.0,-2.238,-2.343,amorphous,15,0,True,9,42
463,4,42,624.0,157.0,11.99,-0.099,amorphous,58,0,True,9,42
463,4,51,304.0,167.0,28.941,6.898,amorphous,22,0,True,9,42
463,4,52,517.0,160.0,26.461,-1.817,amorphous,22,0,True,9,42
463,4,54,370.0,90.0,5.381,-0.171,amorphous,16,0,True,9,42
464,3,42,635.99,156.9,11.99,-0.099,amorphous,58,1,True,9,42
464,3,51,316.0,164.0,20.471,1.949,amorphous,23,0,True,9,42
464,3,52,541.0,155.0,25.231,-3.409,amorphous,23,0,True,9,42
464,3,54,395.0,91.0,15.19,0.414,amorphous,17,0,True,9,42
465,4,42,587.0,162.0,-3.255,1.2,amorphous,59,0,True,9,42
465,4,51,210.0,165.0,-42.765,1.474,amorphous,24,0,True,9,42
465,4,52,390.0,160.0,-62.885,0.796,amorphous,24,0,True,9,42
465,4,54,331.0,87.0,-24.405,-1.793,amorphous,18,0,True,9,42
466,5,42,548.0,162.0,-21.127,0.6,amorphous,60,0,True,9,42
466,5,51,128.0,163.0,-62.382,-0.263,amorphous,25,0,True,9,42
466,5,52,236.0,162.0,-108.442,1.398,amorphous,25,0,True,9,42
466,5,54,310.0,84.0,-22.702,-2.396,amorphous,19,0,True,9,42
466,5,55,545.0,126.0,0.0,0.0,fiber,1,0,False,9,42
467,4,42,538.0,162.0,-15.564,0.3,amorphous,61,0,True,10,42
467,4,51,65.62,162.74,-62.382,-0.263,amorphous,25,1,True,10,42
467,4,52,135.0,170.0,-104.721,4.699,amorphous,26,0,True,10,42
467,4,54,309.0,85.0,-11.851,-0.698,amorphous,20,0,True,10,42
467,4,55,514.0,123.0,-31.0,-3.0,fiber,2,0,True,10,42
468,4,42,566.0,162.0,6.218,0.15,amorphous,62,0,True,9,43
468,4,51,3.24,162.47,-62.382,-0.263,amorphous,25,2,True,9,43
468,4,52,134.0,173.0,-52.861,3.849,amorphous,27,0,True,9,43
468,4,54,322.0,84.0,0.574,-0.849,amorphous,21,0,True,9,43
468,4,55,539.0,121.0,-3.0,-2.5,amorphous,3,0,True,9,43
469,4,42,530.0,166.0,-14.891,2.075,amorphous,63,0,True,10,42
469,4,51,-59.15,162.21,-62.382,-0.263,amorphous,25,3,True,10,42
469,4,52,93.0,180.0,-46.93,5.425,amorphous,28,0,True,10,42
469,4,54,300.0,85.0,-10.713,0.075,amorphous,22,0,True,10,42
469,4,55,509.0,119.0,-16.5,-2.25,fiber,4,0,True,10,42
470,3,42,415.0,174.0,-64.945,5.038,amorphous,64,0,True,10,42
470,3,51,-121.53,161.95,-62.382,-0.263,amorphous,25,4,True,10,42
470,3,52,46.07,185.42,-46.93,5.425,amorphous,28,1,True,10,42
470,3,54,245.0,81.0,-32.856,-1.962,amorphous,23,0,True,10,42
470,3,55,373.0,126.0,-76.25,2.375,fiber,5,0,True,10,42
471,3,42,355.0,174.0,-62.473,2.519,amorphous,65,0,True,10,42
471,3,51,-183.91,161.69,-62.382,-0.263,amorphous,25,5,True,10,42
471,3,52,-0.86,190.85,-46.93,5.425,amorphous,28,2,True,10,42
471,3,54,222.0,75.0,-27.928,-3.981,amorphous,24,0,True,10,42
471,3,55,266.0,130.0,-91.625,3.188,fiber,6,0,True,10,42
472,3,42,357.0,175.0,-30.236,1.759,amorphous,66,0,True,10,42
472,3,52,-47.79,196.27,-46.93,5.425,amorphous,28,3,True,10,42
472,3,54,223.0,80.0,-13.464,0.509,amorphous,25,0,True,10,42
472,3,55,231.0,133.0,-63.312,3.094,fiber,7,0,True,10,42
473,3,42,393.0,174.0,2.882,0.38,amorphous,67,0,True,10,42
473,3,52,-94.72,201.7,-46.93,5.425,amorphous,28,4,True,10,42
473,3,54,254.0,81.0,8.768,0.755,amorphous,26,0,True,10,42
473,3,55,265.0,138.0,-14.656,4.047,fiber,8,0,True,10,42
474,2,42,395.88,174.38,2.882,0.38,amorphous,67,1,True,10,42
474,2,52,-141.65,207.12,-46.93,5.425,amorphous,28,5,True,10,42
474,2,54,240.0,87.0,-2.616,3.377,amorphous,27,0,True,10,42
474,2,55,309.0,175.0,14.672,20.523,fiber,9,0,True,10,42
475,2,42,398.76,174.76,2.882,0.38,amorphous,67,2,True,10,42
475,2,54,153.0,94.0,-44.808,5.189,amorphous,28,0,True,10,42
475,2,55,221.0,178.0,-36.664,11.762,fiber,10,0,True,10,42
476,2,42,401.65,175.14,2.882,0.38,amorphous,67,3,True,9,43
476,2,54,76.0,98.0,-60.904,4.594,amorphous,29,0,True,9,43
476,2,55,197.0,182.0,-30.332,7.881,amorphous,11,0,True,9,43
477,2,42,404.53,175.52,2.882,0.38,amorphous,67,4,True,9,43
477,2,54,82.0,100.0,-27.452,3.297,amorphous,30,0,True,9,43
477,2,55,223.0,179.0,-2.166,2.44,amorphous,12,0,True,9,43
478,2,42,407.41,175.9,2.882,0.38,amorphous,67,5,True,9,43
478,2,54,81.0,94.0,-14.226,-1.351,amorphous,31,0,True,9,43
478,2,55,229.0,176.0,1.917,-0.28,amorphous,13,0,True,9,43
479,1,54,90.0,177.0,-2.613,40.824,amorphous,32,0,True,9,43
479,1,55,230.92,175.72,1.917,-0.28,amorphous,13,1,True,9,43
480,0,54,87.39,217.82,-2.613,40.824,amorphous,32,1,True,9,43
480,0,55,232.83,175.44,1.917,-0.28,amorphous,13,2,True,9,43
481,0,54,84.77,258.65,-2.613,40.824,amorphous,32,2,True,9,43
481,0,55,234.75,175.16,1.917,-0.28,amorphous,13,3,True,9,43
482,0,54,82.16,299.47,-2.613,40.824,amorphous,32,3,True,9,43
482,0,55,236.67,174.88,1.917,-0.28,amorphous,13,4,True,9,43
483,0,54,79.55,340.3,-2.613,40.824,amorphous,32,4,True,9,43
483,0,55,238.58,174.6,1.917,-0.28,amorphous,13,5,True,9,43
484,0,54,76.93,381.12,-2.613,40.824,amorphous,32,5,True,9,43
488,2,56,603.0,166.0,0.0,0.0,fiber,1,0,False,9,43
488,2,57,605.0,95.0,0.0,0.0,amorphous,1,0,False,9,43
489,3,56,610.0,161.0,7.0,-5.0,fiber,2,0,True,10,44
489,3,57,525.0,93.0,-80.0,-2.0,amorphous,2,0,True,10,44
489,3,58,535.0,163.0,0.0,0.0,amorphous,1,0,False,10,44
490,2,56,617.0,156.0,7.0,-5.0,fiber,2,1,True,10,45
490,2,57,484.0,92.0,-60.5,-1.5,amorphous,3,0,True,10,45
490,2,58,542.0,163.0,7.0,0.0,amorphous,2,0,True,10,45
491,2,56,624.0,151.0,7.0,-5.0,fiber,2,2,True,10,45
491,2,57,516.0,93.0,-14.25,-0.25,amorphous,4,0,True,10,45
491,2,58,554.0,161.0,9.5,-1.0,amorphous,3,0,True,10,45
492,2,56,631.0,146.0,7.0,-5.0,fiber,2,3,True,10,45
492,2,57,502.0,90.0,-14.125,-1.625,amorphous,5,0,True,10,45
492,2,58,524.0,159.0,-10.25,-1.5,amorphous,4,0,True,10,45
493,3,56,364.0,142.0,-27.25,-4.875,fiber,3,0,True,10,45
493,3,57,389.0,83.0,-63.562,-4.312,amorphous,6,0,True,10,45
493,3,58,384.0,180.0,-75.125,9.75,amorphous,5,0,True,10,45
494,4,56,240.0,148.0,-75.625,0.562,fiber,4,0,True,10,45
494,4,57,311.0,71.0,-70.781,-8.156,amorphous,7,0,True,10,45
494,4,58,317.0,190.0,-71.062,9.875,amorphous,6,0,True,10,45
494,4,59,627.0,129.0,0.0,0.0,amorphous,1,0,False,10,45
495,4,56,182.0,161.0,-66.812,6.781,fiber,5,0,True,10,46
495,4,57,292.0,70.0,-44.891,-4.578,amorphous,8,0,True,10,46
495,4,58,314.0,194.0,-37.031,6.938,amorphous,7,0,True,10,46
495,4,59,620.0,136.0,-7.0,7.0,amorphous,2,0,True,10,46
496,2,56,115.19,167.78,-66.812,6.781,fiber,5,1,True,10,46
496,2,57,318.0,66.0,-9.445,-4.289,amorphous,9,0,True,10,46
496,2,58,339.0,192.0,-6.016,2.469,amorphous,8,0,True,10,46
496,2,59,613.0,143.0,-7.0,7.0,amorphous,2,1,True,10,46
497,4,56,102.0,170.0,-53.406,5.641,fiber,6,0,True,10,46
497,4,57,250.0,64.0,-38.723,-3.145,amorphous,10,0,True,10,46
497,4,58,265.0,191.0,-40.008,0.734,amorphous,9,0,True,10,46
497,4,59,563.0,127.0,-17.75,1.25,amorphous,3,0,True,10,46
498,3,56,48.59,175.64,-53.406,5.641,fiber,6,1,True,10,46
498,3,57,134.0,61.0,-77.361,-3.072,amorphous,11,0,True,10,46
498,3,58,196.0,187.0,-54.504,-1.633,amorphous,10,0,True,10,46
498,3,59,430.0,112.0,-75.375,-6.875,amorphous,4,0,True,10,46
499,3,56,-4.81,181.28,-53.406,5.641,fiber,6,2,True,10,46
499,3,57,58.0,68.0,-76.681,1.964,amorphous,12,0,True,10,46
499,3,58,170.0,190.0,-40.252,0.684,amorphous,11,0,True,10,46
499,3,59,361.0,107.0,-72.188,-5.938,amorphous,5,0,True,10,46
500,3,56,-58.22,186.92,-53.406,5.641,fiber,6,3,True,10,46
500,3,57,51.0,78.0,-41.84,5.982,amorphous,13,0,True,10,46
500,3,58,179.0,193.0,-15.626,1.842,amorphous,12,0,True,10,46
500,3,59,367.0,106.0,-33.094,-3.469,amorphous,6,0,True,10,46
501,3,56,-111.62,192.56,-53.406,5.641,fiber,6,4,True,10,46
501,3,57,50.0,79.0,-21.42,3.491,amorphous,14,0,True,10,46
501,3,58,162.0,194.0,-16.313,1.421,amorphous,13,0,True,10,46
501,3,59,380.0,98.0,-10.047,-5.734,amorphous,7,0,True,10,46
502,2,56,-165.03,198.2,-53.406,5.641,fiber,6,5,True,10,46
502,2,57,28.58,82.49,-21.42,3.491,amorphous,14,1,True,10,46
502,2,58,32.0,197.0,-73.156,2.21,amorphous,14,0,True,10,46
502,2,59,259.0,91.0,-65.523,-6.367,amorphous,8,0,True,10,46
503,1,57,7.16,85.98,-21.42,3.491,amorphous,14,2,True,10,46
503,1,58,-41.16,199.21,-73.156,2.21,amorphous,14,1,True,10,46
503,1,59,152.0,90.0,-86.262,-3.684,amorphous,9,0,True,10,46
504,1,57,-14.26,89.47,-21.42,3.491,amorphous,14,3,True,10,46
504,1,58,-114.31,201.42,-73.156,2.21,amorphous,14,2,True,10,46
504,1,59,112.0,92.0,-63.131,-0.842,amorphous,10,0,True,10,46
505,1,57,-35.68,92.96,-21.42,3.491,amorphous,14,4,True,10,46
505,1,58,-187.47,203.63,-73.156,2.21,amorphous,14,3,True,10,46
505,1,59,141.0,87.0,-17.065,-2.921,amorphous,11,0,True,10,46
506,1,57,-57.1,96.45,-21.42,3.491,amorphous,14,5,True,10,46
506,1,58,-260.63,205.84,-73.156,2.21,amorphous,14,4,True,10,46
506,1,59,102.0,89.0,-28.033,-0.46,amorphous,12,0,True,10,46
507,0,58,-333.78,208.05,-73.156,2.21,amorphous,14,5,True,10,46
507,0,59,73.97,88.54,-28.033,-0.46,amorphous,12,1,True,10,46
508,0,59,45.93,88.08,-28.033,-0.46,amorphous,12,2,True,10,46
509,0,59,17.9,87.62,-28.033,-0.46,amorphous,12,3,True,10,46
510,0,59,-10.13,87.16,-28.033,-0.46,amorphous,12,4,True,10,46
511,1,59,-38.16,86.7,-28.033,-0.46,amorphous,12,5,True,10,46
511,1,60,569.0,236.0,0.0,0.0,amorphous,1,0,False,10,46
512,1,60,496.0,236.0,-73.0,0.0,amorphous,2,0,True,10,47
513,1,60,442.0,237.0,-63.5,0.5,amorphous,3,0,True,10,47
514,1,60,459.0,237.0,-23.25,0.25,amorphous,4,0,True,10,47
515,1,60,446.0,237.0,-18.125,0.125,amorphous,5,0,True,10,47
516,1,60,295.0,239.0,-84.562,1.062,amorphous,6,0,True,10,47
517,1,60,198.0,231.0,-90.781,-3.469,amorphous,7,0,True,10,47
518,1,60,179.0,230.0,-54.891,-2.234,amorphous,8,0,True,10,47
519,1,60,206.0,226.0,-13.945,-3.117,amorphous,9,0,True,10,47
520,2,60,155.0,228.0,-32.473,-0.559,amorphous,10,0,True,10,47
520,2,61,619.0,112.0,0.0,0.0,fiber,1,0,False,10,47
521,2,60,33.0,229.0,-77.236,0.221,amorphous,11,0,True,11,47
521,2,61,577.0,117.0,-42.0,5.0,fiber,2,0,True,11,47
522,1,60,-44.24,229.22,-77.236,0.221,amorphous,11,1,True,10,48
522,1,61,513.0,121.0,-53.0,4.5,amorphous,3,0,True,10,48
523,1,60,-121.47,229.44,-77.236,0.221,amorphous,11,2,True,10,48
523,1,61,521.0,122.0,-22.5,2.75,amorphous,4,0,True,10,48
524,2,60,-198.71,229.66,-77.236,0.221,amorphous,11,3,True,10,48
524,2,61,550.0,103.0,3.25,-8.125,amorphous,5,0,True,10,48
524,2,62,534.0,132.0,0.0,0.0,amorphous,1,0,False,10,48
525,2,60,-275.95,229.88,-77.236,0.221,amorphous,11,4,True,10,49
525,2,61,470.0,106.0,-38.375,-2.562,amorphous,6,0,True,10,49
525,2,62,440.0,133.0,-94.0,1.0,amorphous,2,0,True,10,49
526,1,60,-353.18,230.1,-77.236,0.221,amorphous,11,5,True,10,49
526,1,61,392.0,116.0,-58.188,3.719,amorphous,7,0,True,10,49
526,1,62,346.0,134.0,-94.0,1.0,amorphous,2,1,True,10,49
527,1,61,370.0,123.0,-40.094,5.359,amorphous,8,0,True,10,49
527,1,62,252.0,135.0,-94.0,1.0,amorphous,2,2,True,10,49
528,1,61,392.0,126.0,-9.047,4.18,amorphous,9,0,True,10,49
528,1,62,158.0,136.0,-94.0,1.0,amorphous,2,3,True,10,49
529,1,61,375.0,126.0,-13.023,2.09,amorphous,10,0,True,10,49
529,1,62,64.0,137.0,-94.0,1.0,amorphous,2,4,True,10,49
530,3,61,503.0,139.0,57.488,7.545,amorphous,11,0,True,10,49
530,3,62,256.0,126.0,-65.4,-0.2,amorphous,3,0,True,10,49
530,3,63,554.0,137.0,0.0,0.0,amorphous,1,0,False,10,49
531,2,61,560.49,146.54,57.488,7.545,amorphous,11,1,True,10,50
531,2,62,167.0,115.0,-77.2,-5.6,amorphous,4,0,True,10,50
531,2,63,440.0,143.0,-114.0,6.0,amorphous,2,0,True,10,50
532,2,61,617.98,154.09,57.488,7.545,amorphous,11,2,True,10,50
532,2,62,143.0,120.0,-50.6,-0.3,amorphous,5,0,True,10,50
532,2,63,427.0,148.0,-63.5,5.5,amorphous,3,0,True,10,50
533,2,61,675.46,161.63,57.488,7.545,amorphous,11,3,True,10,50
533,2,62,165.0,120.0,-14.3,-0.15,amorphous,6,0,True,10,50
533,2,63,475.0,141.0,-7.75,-0.75,amorphous,4,0,True,10,50
534,3,61,732.95,169.18,57.488,7.545,amorphous,11,4,True,10,50
534,3,62,99.0,125.0,-40.15,2.425,amorphous,7,0,True,10,50
534,3,63,385.0,145.0,-48.875,1.625,amorphous,5,0,True,10,50
534,3,64,331.0,145.0,0.0,0.0,amorphous,1,0,False,10,50
535,2,61,790.44,176.72,57.488,7.545,amorphous,11,5,True,10,51
535,2,62,24.0,127.0,-57.575,2.212,amorphous,8,0,True,10,51
535,2,63,336.12,146.62,-48.875,1.625,amorphous,5,1,True,10,51
535,2,64,247.0,144.0,-84.0,-1.0,amorphous,2,0,True,10,51
536,1,62,-33.58,129.21,-57.575,2.212,amorphous,8,1,True,10,51
536,1,63,287.25,148.25,-48.875,1.625,amorphous,5,2,True,10,51
536,1,64,189.0,148.0,-71.0,1.5,amorphous,3,0,True,10,51
537,1,62,-91.15,131.43,-57.575,2.212,amorphous,8,2,True,10,51
537,1,63,205.0,149.0,-54.438,1.479,amorphous,6,0,True,10,51
537,1,64,118.0,149.5,-71.0,1.5,amorphous,3,1,True,10,51
538,2,62,-148.73,133.64,-57.575,2.212,amorphous,8,3,True,10,51
538,2,63,216.0,144.0,-21.719,-1.76,amorphous,7,0,True,10,51
538,2,64,10.0,114.0,-80.25,-7.75,amorphous,4,0,True,10,51
539,1,62,-206.3,135.85,-57.575,2.212,amorphous,8,4,True,10,51
539,1,63,194.28,142.24,-21.719,-1.76,amorphous,7,1,True,10,51
539,1,64,52.0,152.0,-19.125,15.125,amorphous,5,0,True,10,51
540,0,62,-263.88,138.06,-57.575,2.212,amorphous,8,5,True,10,51
540,0,63,172.56,140.48,-21.719,-1.76,amorphous,7,2,True,10,51
540,0,64,32.88,167.12,-19.125,15.125,amorphous,5,1,True,10,51
541,0,63,150.84,138.72,-21.719,-1.76,amorphous,7,3,True,10,51
541,0,64,13.75,182.25,-19.125,15.125,amorphous,5,2,True,10,51
542,0,63,129.12,136.96,-21.719,-1.76,amorphous,7,4,True,10,51
542,0,64,-5.38,197.38,-19.125,15.125,amorphous,5,3,True,10,51
543,0,63,107.41,135.2,-21.719,-1.76,amorphous,7,5,True,10,51
543,0,64,-24.5,212.5,-19.125,15.125,amorphous,5,4,True,10,51
544,0,64,-43.62,227.62,-19.125,15.125,amorphous,5,5,True,10,51
558,1,65,580.0,110.0,0.0,0.0,amorphous,1,0,False,10,51
559,1,65,550.0,109.0,-30.0,-1.0,amorphous,2,0,True,10,52
560,1,65,557.0,112.0,-11.5,1.0,amorphous,3,0,True,10,52
561,1,65,599.0,109.0,15.25,-1.0,amorphous,4,0,True,10,52
562,0,65,614.25,108.0,15.25,-1.0,amorphous,4,1,True,10,52
563,1,65,382.0,109.0,-46.625,-0.5,amorphous,5,0,True,10,52
564,1,65,362.0,112.0,-33.312,1.25,amorphous,6,0,True,10,52
565,1,65,402.0,110.0,3.344,-0.375,amorphous,7,0,True,10,52
566,1,65,415.0,107.0,8.172,-1.688,amorphous,8,0,True,10,52
567,1,65,259.0,109.0,-73.914,0.156,amorphous,9,0,True,10,52
568,1,65,208.0,106.0,-62.457,-1.422,amorphous,10,0,True,10,52
569,1,65,209.0,108.0,-30.729,0.289,amorphous,11,0,True,10,52
570,1,65,232.0,106.0,-3.864,-0.855,amorphous,12,0,True,10,52
571,0,65,228.14,105.14,-3.864,-0.855,amorphous,12,1,True,10,52
572,1,65,28.0,112.0,-52.932,1.072,amorphous,13,0,True,10,52
573,0,65,-24.93,113.07,-52.932,1.072,amorphous,13,1,True,10,52
574,1,65,12.0,110.0,-30.466,0.036,amorphous,14,0,True,10,52
575,1,65,17.0,106.0,-12.733,-1.982,amorphous,15,0,True,10,52
576,0,65,4.27,104.02,-12.733,-1.982,amorphous,15,1,True,10,52
577,0,65,-8.47,102.04,-12.733,-1.982,amorphous,15,2,True,10,52
578,0,65,-21.2,100.05,-12.733,-1.982,amorphous,15,3,True,10,52
579,0,65,-33.93,98.07,-12.733,-1.982,amorphous,15,4,True,10,52
580,0,65,-46.67,96.09,-12.733,-1.982,amorphous,15,5,True,10,52
